database_name,table_name,column_name,column_position,data_type,full_data_type,is_nullable,column_default,max_length,numeric_precision,numeric_scale,key_type,extra_info,column_comment,table_type,storage_engine,estimated_rows,table_comment,is_primary_key,is_foreign_key,references_table,references_column
EDW_MART,DIM_ACCOUNT,EFFECTIVE_FROM,13,TIMESTAMP,"TIMESTAMP(10,6)",NO,,10,10,6,,,,T,T,5000,,NO,NO,,
EDW_MART,DIM_ACCOUNT,SK_ACCOUNT_TYPE_KEY,8,BIGINT,"BIGINT(8,0)",YES,,8,8,0,,,,T,T,5000,,NO,NO,,
EDW_MART,DIM_ACCOUNT,SK_ACCOUNT_STATUS_KEY,9,BIGINT,"BIGINT(8,0)",YES,,8,8,0,,,,T,T,5000,,NO,NO,,
EDW_MART,DIM_ACCOUNT,SK_PRODUCT_KEY,10,BIGINT,"BIGINT(8,0)",YES,,8,8,0,,,,T,T,5000,,NO,NO,,
EDW_MART,DIM_ACCOUNT,SK_CUSTOMER_KEY,11,BIGINT,"BIGINT(8,0)",YES,,8,8,0,,,,T,T,5000,,NO,NO,,
EDW_MART,DIM_ACCOUNT,CREATE_BATCH_ID,21,BIGINT,"BIGINT(8,0)",YES,,8,8,0,,,,T,T,5000,,NO,NO,,
EDW_MART,DIM_ACCOUNT,UPDATE_BATCH_ID,22,BIGINT,"BIGINT(8,0)",YES,,8,8,0,,,,T,T,5000,,NO,NO,,
EDW_MART,DIM_ACCOUNT,CUSTOMER_ID,23,BIGINT,"BIGINT(8,0)",YES,,8,8,0,,,,T,T,5000,,NO,NO,,
EDW_MART,DIM_ACCOUNT,PRODUCT_ID,24,BIGINT,"BIGINT(8,0)",YES,,8,8,0,,,,T,T,5000,,NO,NO,,
EDW_MART,DIM_ACCOUNT,ACCOUNT_TYPE_ID,25,BIGINT,"BIGINT(8,0)",YES,,8,8,0,,,,T,T,5000,,NO,NO,,
EDW_MART,DIM_ACCOUNT,STATUS_ID,26,BIGINT,"BIGINT(8,0)",YES,,8,8,0,,,,T,T,5000,,NO,NO,,
EDW_MART,DIM_ACCOUNT,CURRENT_FLAG,12,CHARACTER,"CHARACTER(1,0)",YES,,1,1,0,,,,T,T,5000,,NO,NO,,
EDW_MART,DIM_ACCOUNT,IS_DELETED,15,CHARACTER,"CHARACTER(1,0)",YES,,1,1,0,,,,T,T,5000,,NO,NO,,
EDW_MART,DIM_ACCOUNT,OPEN_DATE,5,DATE,"DATE(4,0)",YES,,4,4,0,,,,T,T,5000,,NO,NO,,
EDW_MART,DIM_ACCOUNT,CLOSE_DATE,6,DATE,"DATE(4,0)",YES,,4,4,0,,,,T,T,5000,,NO,NO,,
EDW_MART,DIM_ACCOUNT,EFFECTIVE_TO,14,TIMESTAMP,"TIMESTAMP(10,6)",YES,,10,10,6,,,,T,T,5000,,NO,NO,,
EDW_MART,DIM_ACCOUNT,CREATE_DATE_TIME,18,TIMESTAMP,"TIMESTAMP(10,6)",YES,,10,10,6,,,,T,T,5000,,NO,NO,,
EDW_MART,DIM_ACCOUNT,UPDATE_DATE_TIME,19,TIMESTAMP,"TIMESTAMP(10,6)",YES,,10,10,6,,,,T,T,5000,,NO,NO,,
EDW_MART,DIM_ACCOUNT,ACCOUNT_NAME,4,VARCHAR,"VARCHAR(128,0)",YES,,128,128,0,,,,T,T,5000,,NO,NO,,
EDW_MART,DIM_ACCOUNT,ACCOUNT_ID,2,VARCHAR,"VARCHAR(64,0)",YES,,64,64,0,,,,T,T,5000,,NO,NO,,
EDW_MART,DIM_ACCOUNT,ACCOUNT_NUMBER,3,VARCHAR,"VARCHAR(64,0)",YES,,64,64,0,,,,T,T,5000,,NO,NO,,
EDW_MART,DIM_ACCOUNT,CURRENCY_CODE,7,VARCHAR,"VARCHAR(64,0)",YES,,64,64,0,,,,T,T,5000,,NO,NO,,
EDW_MART,DIM_ACCOUNT,CREATED_BY,16,VARCHAR,"VARCHAR(64,0)",YES,,64,64,0,,,,T,T,5000,,NO,NO,,
EDW_MART,DIM_ACCOUNT,UPDATED_BY,17,VARCHAR,"VARCHAR(64,0)",YES,,64,64,0,,,,T,T,5000,,NO,NO,,
EDW_MART,DIM_ACCOUNT,DATA_SOURCE,20,VARCHAR,"VARCHAR(64,0)",YES,,64,64,0,,,,T,T,5000,,NO,NO,,
EDW_MART,DIM_ACCOUNT,BUSINESS_COLUMN,27,VARCHAR,"VARCHAR(64,0)",YES,,64,64,0,,,,T,T,5000,,NO,NO,,
EDW_MART,DIM_ACCOUNT,SK_ACCOUNT_KEY,1,BIGINT,"BIGINT(8,0)",NO,,8,8,0,PRI,,,T,T,5000,,YES,NO,,
EDW_MART,DIM_ACCOUNT_BALANCE_TYPE,EFFECTIVE_FROM,6,TIMESTAMP,"TIMESTAMP(10,6)",NO,,10,10,6,,,,T,T,3,,NO,NO,,
EDW_MART,DIM_ACCOUNT_BALANCE_TYPE,CREATE_BATCH_ID,14,BIGINT,"BIGINT(8,0)",YES,,8,8,0,,,,T,T,3,,NO,NO,,
EDW_MART,DIM_ACCOUNT_BALANCE_TYPE,UPDATE_BATCH_ID,15,BIGINT,"BIGINT(8,0)",YES,,8,8,0,,,,T,T,3,,NO,NO,,
EDW_MART,DIM_ACCOUNT_BALANCE_TYPE,ACCOUNT_BALANCE_TYPE_ID,17,BIGINT,"BIGINT(8,0)",YES,,8,8,0,,,,T,T,3,,NO,NO,,
EDW_MART,DIM_ACCOUNT_BALANCE_TYPE,CURRENT_FLAG,5,CHARACTER,"CHARACTER(1,0)",YES,,1,1,0,,,,T,T,3,,NO,NO,,
EDW_MART,DIM_ACCOUNT_BALANCE_TYPE,IS_DELETED,8,CHARACTER,"CHARACTER(1,0)",YES,,1,1,0,,,,T,T,3,,NO,NO,,
EDW_MART,DIM_ACCOUNT_BALANCE_TYPE,EFFECTIVE_TO,7,TIMESTAMP,"TIMESTAMP(10,6)",YES,,10,10,6,,,,T,T,3,,NO,NO,,
EDW_MART,DIM_ACCOUNT_BALANCE_TYPE,CREATE_DATE_TIME,11,TIMESTAMP,"TIMESTAMP(10,6)",YES,,10,10,6,,,,T,T,3,,NO,NO,,
EDW_MART,DIM_ACCOUNT_BALANCE_TYPE,UPDATE_DATE_TIME,12,TIMESTAMP,"TIMESTAMP(10,6)",YES,,10,10,6,,,,T,T,3,,NO,NO,,
EDW_MART,DIM_ACCOUNT_BALANCE_TYPE,BALANCE_TYPE_NAME,3,VARCHAR,"VARCHAR(128,0)",YES,,128,128,0,,,,T,T,3,,NO,NO,,
EDW_MART,DIM_ACCOUNT_BALANCE_TYPE,STATUS_CODE,18,VARCHAR,"VARCHAR(16,0)",YES,,16,16,0,,,,T,T,3,,NO,NO,,
EDW_MART,DIM_ACCOUNT_BALANCE_TYPE,DESCRIPTION,4,VARCHAR,"VARCHAR(255,0)",YES,,255,255,0,,,,T,T,3,,NO,NO,,
EDW_MART,DIM_ACCOUNT_BALANCE_TYPE,BALANCE_TYPE_CODE,2,VARCHAR,"VARCHAR(64,0)",YES,,64,64,0,,,,T,T,3,,NO,NO,,
EDW_MART,DIM_ACCOUNT_BALANCE_TYPE,CREATED_BY,9,VARCHAR,"VARCHAR(64,0)",YES,,64,64,0,,,,T,T,3,,NO,NO,,
EDW_MART,DIM_ACCOUNT_BALANCE_TYPE,UPDATED_BY,10,VARCHAR,"VARCHAR(64,0)",YES,,64,64,0,,,,T,T,3,,NO,NO,,
EDW_MART,DIM_ACCOUNT_BALANCE_TYPE,DATA_SOURCE,13,VARCHAR,"VARCHAR(64,0)",YES,,64,64,0,,,,T,T,3,,NO,NO,,
EDW_MART,DIM_ACCOUNT_BALANCE_TYPE,BUSINESS_COLUMN,16,VARCHAR,"VARCHAR(64,0)",YES,,64,64,0,,,,T,T,3,,NO,NO,,
EDW_MART,DIM_ACCOUNT_BALANCE_TYPE,SK_ACCOUNT_BALANCE_TYPE_KEY,1,BIGINT,"BIGINT(8,0)",NO,,8,8,0,PRI,,,T,T,3,,YES,NO,,
EDW_MART,DIM_ACCOUNT_LIMIT_TYPE,EFFECTIVE_FROM,6,TIMESTAMP,"TIMESTAMP(10,6)",NO,,10,10,6,,,,T,T,3,,NO,NO,,
EDW_MART,DIM_ACCOUNT_LIMIT_TYPE,CREATE_BATCH_ID,14,BIGINT,"BIGINT(8,0)",YES,,8,8,0,,,,T,T,3,,NO,NO,,
EDW_MART,DIM_ACCOUNT_LIMIT_TYPE,UPDATE_BATCH_ID,15,BIGINT,"BIGINT(8,0)",YES,,8,8,0,,,,T,T,3,,NO,NO,,
EDW_MART,DIM_ACCOUNT_LIMIT_TYPE,ACCOUNT_LIMIT_TYPE_ID,16,BIGINT,"BIGINT(8,0)",YES,,8,8,0,,,,T,T,3,,NO,NO,,
EDW_MART,DIM_ACCOUNT_LIMIT_TYPE,CURRENT_FLAG,5,CHARACTER,"CHARACTER(1,0)",YES,,1,1,0,,,,T,T,3,,NO,NO,,
EDW_MART,DIM_ACCOUNT_LIMIT_TYPE,IS_DELETED,8,CHARACTER,"CHARACTER(1,0)",YES,,1,1,0,,,,T,T,3,,NO,NO,,
EDW_MART,DIM_ACCOUNT_LIMIT_TYPE,EFFECTIVE_TO,7,TIMESTAMP,"TIMESTAMP(10,6)",YES,,10,10,6,,,,T,T,3,,NO,NO,,
EDW_MART,DIM_ACCOUNT_LIMIT_TYPE,CREATE_DATE_TIME,11,TIMESTAMP,"TIMESTAMP(10,6)",YES,,10,10,6,,,,T,T,3,,NO,NO,,
EDW_MART,DIM_ACCOUNT_LIMIT_TYPE,UPDATE_DATE_TIME,12,TIMESTAMP,"TIMESTAMP(10,6)",YES,,10,10,6,,,,T,T,3,,NO,NO,,
EDW_MART,DIM_ACCOUNT_LIMIT_TYPE,ACCOUNT_LIMIT_TYPE_NAME,3,VARCHAR,"VARCHAR(128,0)",YES,,128,128,0,,,,T,T,3,,NO,NO,,
EDW_MART,DIM_ACCOUNT_LIMIT_TYPE,DESCRIPTION,4,VARCHAR,"VARCHAR(255,0)",YES,,255,255,0,,,,T,T,3,,NO,NO,,
EDW_MART,DIM_ACCOUNT_LIMIT_TYPE,UNIT_OF_MEASURE,17,VARCHAR,"VARCHAR(32,0)",YES,,32,32,0,,,,T,T,3,,NO,NO,,
EDW_MART,DIM_ACCOUNT_LIMIT_TYPE,ACCOUNT_LIMIT_TYPE_CODE,2,VARCHAR,"VARCHAR(64,0)",YES,,64,64,0,,,,T,T,3,,NO,NO,,
EDW_MART,DIM_ACCOUNT_LIMIT_TYPE,CREATED_BY,9,VARCHAR,"VARCHAR(64,0)",YES,,64,64,0,,,,T,T,3,,NO,NO,,
EDW_MART,DIM_ACCOUNT_LIMIT_TYPE,UPDATED_BY,10,VARCHAR,"VARCHAR(64,0)",YES,,64,64,0,,,,T,T,3,,NO,NO,,
EDW_MART,DIM_ACCOUNT_LIMIT_TYPE,DATA_SOURCE,13,VARCHAR,"VARCHAR(64,0)",YES,,64,64,0,,,,T,T,3,,NO,NO,,
EDW_MART,DIM_ACCOUNT_LIMIT_TYPE,BUSINESS_COLUMN,18,VARCHAR,"VARCHAR(64,0)",YES,,64,64,0,,,,T,T,3,,NO,NO,,
EDW_MART,DIM_ACCOUNT_LIMIT_TYPE,SK_ACCOUNT_LIMIT_TYPE_KEY,1,BIGINT,"BIGINT(8,0)",NO,,8,8,0,PRI,,,T,T,3,,YES,NO,,
EDW_MART,DIM_ACCOUNT_STATUS,EFFECTIVE_FROM,6,TIMESTAMP,"TIMESTAMP(10,6)",NO,,10,10,6,,,,T,T,4,,NO,NO,,
EDW_MART,DIM_ACCOUNT_STATUS,CREATE_BATCH_ID,14,BIGINT,"BIGINT(8,0)",YES,,8,8,0,,,,T,T,4,,NO,NO,,
EDW_MART,DIM_ACCOUNT_STATUS,UPDATE_BATCH_ID,15,BIGINT,"BIGINT(8,0)",YES,,8,8,0,,,,T,T,4,,NO,NO,,
EDW_MART,DIM_ACCOUNT_STATUS,ACCOUNT_STATUS_ID,16,BIGINT,"BIGINT(8,0)",YES,,8,8,0,,,,T,T,4,,NO,NO,,
EDW_MART,DIM_ACCOUNT_STATUS,CURRENT_FLAG,5,CHARACTER,"CHARACTER(1,0)",YES,,1,1,0,,,,T,T,4,,NO,NO,,
EDW_MART,DIM_ACCOUNT_STATUS,IS_DELETED,8,CHARACTER,"CHARACTER(1,0)",YES,,1,1,0,,,,T,T,4,,NO,NO,,
EDW_MART,DIM_ACCOUNT_STATUS,EFFECTIVE_TO,7,TIMESTAMP,"TIMESTAMP(10,6)",YES,,10,10,6,,,,T,T,4,,NO,NO,,
EDW_MART,DIM_ACCOUNT_STATUS,CREATE_DATE_TIME,11,TIMESTAMP,"TIMESTAMP(10,6)",YES,,10,10,6,,,,T,T,4,,NO,NO,,
EDW_MART,DIM_ACCOUNT_STATUS,UPDATE_DATE_TIME,12,TIMESTAMP,"TIMESTAMP(10,6)",YES,,10,10,6,,,,T,T,4,,NO,NO,,
EDW_MART,DIM_ACCOUNT_STATUS,ACCOUNT_STATUS_NAME,3,VARCHAR,"VARCHAR(128,0)",YES,,128,128,0,,,,T,T,4,,NO,NO,,
EDW_MART,DIM_ACCOUNT_STATUS,DESCRIPTION,4,VARCHAR,"VARCHAR(255,0)",YES,,255,255,0,,,,T,T,4,,NO,NO,,
EDW_MART,DIM_ACCOUNT_STATUS,ACCOUNT_STATUS_CODE,2,VARCHAR,"VARCHAR(64,0)",YES,,64,64,0,,,,T,T,4,,NO,NO,,
EDW_MART,DIM_ACCOUNT_STATUS,CREATED_BY,9,VARCHAR,"VARCHAR(64,0)",YES,,64,64,0,,,,T,T,4,,NO,NO,,
EDW_MART,DIM_ACCOUNT_STATUS,UPDATED_BY,10,VARCHAR,"VARCHAR(64,0)",YES,,64,64,0,,,,T,T,4,,NO,NO,,
EDW_MART,DIM_ACCOUNT_STATUS,DATA_SOURCE,13,VARCHAR,"VARCHAR(64,0)",YES,,64,64,0,,,,T,T,4,,NO,NO,,
EDW_MART,DIM_ACCOUNT_STATUS,BUSINESS_COLUMN,17,VARCHAR,"VARCHAR(64,0)",YES,,64,64,0,,,,T,T,4,,NO,NO,,
EDW_MART,DIM_ACCOUNT_STATUS,SK_ACCOUNT_STATUS_KEY,1,BIGINT,"BIGINT(8,0)",NO,,8,8,0,PRI,,,T,T,4,,YES,NO,,
EDW_MART,DIM_ACCOUNT_TYPE,EFFECTIVE_FROM,6,TIMESTAMP,"TIMESTAMP(10,6)",NO,,10,10,6,,,,T,T,4,,NO,NO,,
EDW_MART,DIM_ACCOUNT_TYPE,CREATE_BATCH_ID,14,BIGINT,"BIGINT(8,0)",YES,,8,8,0,,,,T,T,4,,NO,NO,,
EDW_MART,DIM_ACCOUNT_TYPE,UPDATE_BATCH_ID,15,BIGINT,"BIGINT(8,0)",YES,,8,8,0,,,,T,T,4,,NO,NO,,
EDW_MART,DIM_ACCOUNT_TYPE,ACCOUNT_TYPE_ID,16,BIGINT,"BIGINT(8,0)",YES,,8,8,0,,,,T,T,4,,NO,NO,,
EDW_MART,DIM_ACCOUNT_TYPE,CURRENT_FLAG,5,CHARACTER,"CHARACTER(1,0)",YES,,1,1,0,,,,T,T,4,,NO,NO,,
EDW_MART,DIM_ACCOUNT_TYPE,IS_DELETED,8,CHARACTER,"CHARACTER(1,0)",YES,,1,1,0,,,,T,T,4,,NO,NO,,
EDW_MART,DIM_ACCOUNT_TYPE,IS_INTEREST_BEARING,17,SMALLINT,"SMALLINT(2,0)",YES,,2,2,0,,,,T,T,4,,NO,NO,,
EDW_MART,DIM_ACCOUNT_TYPE,ALLOWS_OVERDRAFT,18,SMALLINT,"SMALLINT(2,0)",YES,,2,2,0,,,,T,T,4,,NO,NO,,
EDW_MART,DIM_ACCOUNT_TYPE,EFFECTIVE_TO,7,TIMESTAMP,"TIMESTAMP(10,6)",YES,,10,10,6,,,,T,T,4,,NO,NO,,
EDW_MART,DIM_ACCOUNT_TYPE,CREATE_DATE_TIME,11,TIMESTAMP,"TIMESTAMP(10,6)",YES,,10,10,6,,,,T,T,4,,NO,NO,,
EDW_MART,DIM_ACCOUNT_TYPE,UPDATE_DATE_TIME,12,TIMESTAMP,"TIMESTAMP(10,6)",YES,,10,10,6,,,,T,T,4,,NO,NO,,
EDW_MART,DIM_ACCOUNT_TYPE,ACCOUNT_TYPE_NAME,3,VARCHAR,"VARCHAR(128,0)",YES,,128,128,0,,,,T,T,4,,NO,NO,,
EDW_MART,DIM_ACCOUNT_TYPE,STATUS_CODE,20,VARCHAR,"VARCHAR(16,0)",YES,,16,16,0,,,,T,T,4,,NO,NO,,
EDW_MART,DIM_ACCOUNT_TYPE,DESCRIPTION,4,VARCHAR,"VARCHAR(255,0)",YES,,255,255,0,,,,T,T,4,,NO,NO,,
EDW_MART,DIM_ACCOUNT_TYPE,APPLICABLE_FOR,19,VARCHAR,"VARCHAR(32,0)",YES,,32,32,0,,,,T,T,4,,NO,NO,,
EDW_MART,DIM_ACCOUNT_TYPE,ACCOUNT_TYPE_CODE,2,VARCHAR,"VARCHAR(64,0)",YES,,64,64,0,,,,T,T,4,,NO,NO,,
EDW_MART,DIM_ACCOUNT_TYPE,CREATED_BY,9,VARCHAR,"VARCHAR(64,0)",YES,,64,64,0,,,,T,T,4,,NO,NO,,
EDW_MART,DIM_ACCOUNT_TYPE,UPDATED_BY,10,VARCHAR,"VARCHAR(64,0)",YES,,64,64,0,,,,T,T,4,,NO,NO,,
EDW_MART,DIM_ACCOUNT_TYPE,DATA_SOURCE,13,VARCHAR,"VARCHAR(64,0)",YES,,64,64,0,,,,T,T,4,,NO,NO,,
EDW_MART,DIM_ACCOUNT_TYPE,BUSINESS_COLUMN,21,VARCHAR,"VARCHAR(64,0)",YES,,64,64,0,,,,T,T,4,,NO,NO,,
EDW_MART,DIM_ACCOUNT_TYPE,SK_ACCOUNT_TYPE_KEY,1,BIGINT,"BIGINT(8,0)",NO,,8,8,0,PRI,,,T,T,4,,YES,NO,,
EDW_MART,DIM_CUSTOMER,IS_DELETED,15,CHARACTER,"CHARACTER(1,0)",YES,'N',1,1,0,,,,T,T,-1,,NO,NO,,
EDW_MART,DIM_CUSTOMER,CURRENT_FLAG,14,CHARACTER,"CHARACTER(1,0)",YES,'Y',1,1,0,,,,T,T,-1,,NO,NO,,
EDW_MART,DIM_CUSTOMER,EFFECTIVE_FROM,12,TIMESTAMP,"TIMESTAMP(10,6)",NO,,10,10,6,,,,T,T,-1,,NO,NO,,
EDW_MART,DIM_CUSTOMER,CUSTOMER_ID,2,VARCHAR,"VARCHAR(64,0)",NO,,64,64,0,,,,T,T,-1,,NO,NO,,
EDW_MART,DIM_CUSTOMER,DATE_OF_BIRTH,5,DATE,"DATE(4,0)",YES,,4,4,0,,,,T,T,-1,,NO,NO,,
EDW_MART,DIM_CUSTOMER,EFFECTIVE_TO,13,TIMESTAMP,"TIMESTAMP(10,6)",YES,,10,10,6,,,,T,T,-1,,NO,NO,,
EDW_MART,DIM_CUSTOMER,CREATE_DATE_TIME,18,TIMESTAMP,"TIMESTAMP(10,6)",YES,,10,10,6,,,,T,T,-1,,NO,NO,,
EDW_MART,DIM_CUSTOMER,UPDATE_DATE_TIME,19,TIMESTAMP,"TIMESTAMP(10,6)",YES,,10,10,6,,,,T,T,-1,,NO,NO,,
EDW_MART,DIM_CUSTOMER,REGISTRATION_DATE,29,TIMESTAMP,"TIMESTAMP(10,6)",YES,,10,10,6,,,,T,T,-1,,NO,NO,,
EDW_MART,DIM_CUSTOMER,CUSTOMER_NAME,3,VARCHAR,"VARCHAR(128,0)",YES,,128,128,0,,,,T,T,-1,,NO,NO,,
EDW_MART,DIM_CUSTOMER,OCCUPATION,9,VARCHAR,"VARCHAR(128,0)",YES,,128,128,0,,,,T,T,-1,,NO,NO,,
EDW_MART,DIM_CUSTOMER,EMAIL_ADDRESS,27,VARCHAR,"VARCHAR(128,0)",YES,,128,128,0,,,,T,T,-1,,NO,NO,,
EDW_MART,DIM_CUSTOMER,GENDER,6,VARCHAR,"VARCHAR(16,0)",YES,,16,16,0,,,,T,T,-1,,NO,NO,,
EDW_MART,DIM_CUSTOMER,RISK_RATING,25,VARCHAR,"VARCHAR(16,0)",YES,,16,16,0,,,,T,T,-1,,NO,NO,,
EDW_MART,DIM_CUSTOMER,CUSTOMER_STATUS,26,VARCHAR,"VARCHAR(16,0)",YES,,16,16,0,,,,T,T,-1,,NO,NO,,
EDW_MART,DIM_CUSTOMER,MOBILE_NUMBER,28,VARCHAR,"VARCHAR(16,0)",YES,,16,16,0,,,,T,T,-1,,NO,NO,,
EDW_MART,DIM_CUSTOMER,CUSTOMER_TYPE,4,VARCHAR,"VARCHAR(64,0)",YES,,64,64,0,,,,T,T,-1,,NO,NO,,
EDW_MART,DIM_CUSTOMER,NATIONALITY,7,VARCHAR,"VARCHAR(64,0)",YES,,64,64,0,,,,T,T,-1,,NO,NO,,
EDW_MART,DIM_CUSTOMER,MARITAL_STATUS,8,VARCHAR,"VARCHAR(64,0)",YES,,64,64,0,,,,T,T,-1,,NO,NO,,
EDW_MART,DIM_CUSTOMER,INCOME_LEVEL,10,VARCHAR,"VARCHAR(64,0)",YES,,64,64,0,,,,T,T,-1,,NO,NO,,
EDW_MART,DIM_CUSTOMER,RESIDENCY_STATUS,11,VARCHAR,"VARCHAR(64,0)",YES,,64,64,0,,,,T,T,-1,,NO,NO,,
EDW_MART,DIM_CUSTOMER,CREATED_BY,16,VARCHAR,"VARCHAR(64,0)",YES,,64,64,0,,,,T,T,-1,,NO,NO,,
EDW_MART,DIM_CUSTOMER,UPDATED_BY,17,VARCHAR,"VARCHAR(64,0)",YES,,64,64,0,,,,T,T,-1,,NO,NO,,
EDW_MART,DIM_CUSTOMER,DATA_SOURCE,20,VARCHAR,"VARCHAR(64,0)",YES,,64,64,0,,,,T,T,-1,,NO,NO,,
EDW_MART,DIM_CUSTOMER,CREATE_BATCH_ID,21,VARCHAR,"VARCHAR(64,0)",YES,,64,64,0,,,,T,T,-1,,NO,NO,,
EDW_MART,DIM_CUSTOMER,UPDATE_BATCH_ID,22,VARCHAR,"VARCHAR(64,0)",YES,,64,64,0,,,,T,T,-1,,NO,NO,,
EDW_MART,DIM_CUSTOMER,CUSTOMER_SEGMENT,24,VARCHAR,"VARCHAR(64,0)",YES,,64,64,0,,,,T,T,-1,,NO,NO,,
EDW_MART,DIM_CUSTOMER,BUSINESS_COLUMN,30,VARCHAR,"VARCHAR(64,0)",YES,,64,64,0,,,,T,T,-1,,NO,NO,,
EDW_MART,DIM_CUSTOMER,CUSTOMER_TIMEZONE_OFFSET,23,VARCHAR,"VARCHAR(8,0)",YES,,8,8,0,,,,T,T,-1,,NO,NO,,
EDW_MART,DIM_CUSTOMER,SK_CUSTOMER_KEY,1,BIGINT,"BIGINT(8,0)",NO,,8,8,0,PRI,,,T,T,-1,,YES,NO,,
EDW_MART,DIM_CUSTOMER_ADDRESS,IS_DELETED,13,CHARACTER,"CHARACTER(1,0)",YES,'N',1,1,0,,,,T,T,14950,,NO,NO,,
EDW_MART,DIM_CUSTOMER_ADDRESS,CURRENT_FLAG,10,CHARACTER,"CHARACTER(1,0)",YES,'Y',1,1,0,,,,T,T,14950,,NO,NO,,
EDW_MART,DIM_CUSTOMER_ADDRESS,SK_CUSTOMER_KEY,2,BIGINT,"BIGINT(8,0)",NO,,8,8,0,,,,T,T,14950,,NO,NO,,
EDW_MART,DIM_CUSTOMER_ADDRESS,EFFECTIVE_FROM,11,TIMESTAMP,"TIMESTAMP(10,6)",NO,,10,10,6,,,,T,T,14950,,NO,NO,,
EDW_MART,DIM_CUSTOMER_ADDRESS,ADDRESS_ID,22,BIGINT,"BIGINT(8,0)",YES,,8,8,0,,,,T,T,14950,,NO,NO,,
EDW_MART,DIM_CUSTOMER_ADDRESS,CUSTOMER_ID,23,BIGINT,"BIGINT(8,0)",YES,,8,8,0,,,,T,T,14950,,NO,NO,,
EDW_MART,DIM_CUSTOMER_ADDRESS,EFFECTIVE_TO,12,TIMESTAMP,"TIMESTAMP(10,6)",YES,,10,10,6,,,,T,T,14950,,NO,NO,,
EDW_MART,DIM_CUSTOMER_ADDRESS,CREATE_DATE_TIME,16,TIMESTAMP,"TIMESTAMP(10,6)",YES,,10,10,6,,,,T,T,14950,,NO,NO,,
EDW_MART,DIM_CUSTOMER_ADDRESS,UPDATE_DATE_TIME,17,TIMESTAMP,"TIMESTAMP(10,6)",YES,,10,10,6,,,,T,T,14950,,NO,NO,,
EDW_MART,DIM_CUSTOMER_ADDRESS,CITY,6,VARCHAR,"VARCHAR(128,0)",YES,,128,128,0,,,,T,T,14950,,NO,NO,,
EDW_MART,DIM_CUSTOMER_ADDRESS,STATE,7,VARCHAR,"VARCHAR(128,0)",YES,,128,128,0,,,,T,T,14950,,NO,NO,,
EDW_MART,DIM_CUSTOMER_ADDRESS,COUNTRY,9,VARCHAR,"VARCHAR(128,0)",YES,,128,128,0,,,,T,T,14950,,NO,NO,,
EDW_MART,DIM_CUSTOMER_ADDRESS,ADDRESS_STATUS,24,VARCHAR,"VARCHAR(16,0)",YES,,16,16,0,,,,T,T,14950,,NO,NO,,
EDW_MART,DIM_CUSTOMER_ADDRESS,ADDRESS_LINE1,4,VARCHAR,"VARCHAR(255,0)",YES,,255,255,0,,,,T,T,14950,,NO,NO,,
EDW_MART,DIM_CUSTOMER_ADDRESS,ADDRESS_LINE2,5,VARCHAR,"VARCHAR(255,0)",YES,,255,255,0,,,,T,T,14950,,NO,NO,,
EDW_MART,DIM_CUSTOMER_ADDRESS,ADDRESS_TYPE,3,VARCHAR,"VARCHAR(64,0)",YES,,64,64,0,,,,T,T,14950,,NO,NO,,
EDW_MART,DIM_CUSTOMER_ADDRESS,POSTAL_CODE,8,VARCHAR,"VARCHAR(64,0)",YES,,64,64,0,,,,T,T,14950,,NO,NO,,
EDW_MART,DIM_CUSTOMER_ADDRESS,CREATED_BY,14,VARCHAR,"VARCHAR(64,0)",YES,,64,64,0,,,,T,T,14950,,NO,NO,,
EDW_MART,DIM_CUSTOMER_ADDRESS,UPDATED_BY,15,VARCHAR,"VARCHAR(64,0)",YES,,64,64,0,,,,T,T,14950,,NO,NO,,
EDW_MART,DIM_CUSTOMER_ADDRESS,DATA_SOURCE,18,VARCHAR,"VARCHAR(64,0)",YES,,64,64,0,,,,T,T,14950,,NO,NO,,
EDW_MART,DIM_CUSTOMER_ADDRESS,CREATE_BATCH_ID,19,VARCHAR,"VARCHAR(64,0)",YES,,64,64,0,,,,T,T,14950,,NO,NO,,
EDW_MART,DIM_CUSTOMER_ADDRESS,UPDATE_BATCH_ID,20,VARCHAR,"VARCHAR(64,0)",YES,,64,64,0,,,,T,T,14950,,NO,NO,,
EDW_MART,DIM_CUSTOMER_ADDRESS,BUSINESS_COLUMN,21,VARCHAR,"VARCHAR(64,0)",YES,,64,64,0,,,,T,T,14950,,NO,NO,,
EDW_MART,DIM_CUSTOMER_ADDRESS,SK_CUSTOMER_ADDRESS_KEY,1,BIGINT,"BIGINT(8,0)",NO,,8,8,0,PRI,,,T,T,14950,,YES,NO,,
EDW_MART,DIM_CUSTOMER_CONTACT,IS_DELETED,9,CHARACTER,"CHARACTER(1,0)",YES,'N',1,1,0,,,,T,T,19995,,NO,NO,,
EDW_MART,DIM_CUSTOMER_CONTACT,CURRENT_FLAG,6,CHARACTER,"CHARACTER(1,0)",YES,'Y',1,1,0,,,,T,T,19995,,NO,NO,,
EDW_MART,DIM_CUSTOMER_CONTACT,SK_CUSTOMER_KEY,2,BIGINT,"BIGINT(8,0)",NO,-1,8,8,0,,,,T,T,19995,,NO,NO,,
EDW_MART,DIM_CUSTOMER_CONTACT,EFFECTIVE_FROM,7,TIMESTAMP,"TIMESTAMP(10,6)",NO,,10,10,6,,,,T,T,19995,,NO,NO,,
EDW_MART,DIM_CUSTOMER_CONTACT,CONTACT_ID,18,BIGINT,"BIGINT(8,0)",YES,,8,8,0,,,,T,T,19995,,NO,NO,,
EDW_MART,DIM_CUSTOMER_CONTACT,CUSTOMER_ID,19,BIGINT,"BIGINT(8,0)",YES,,8,8,0,,,,T,T,19995,,NO,NO,,
EDW_MART,DIM_CUSTOMER_CONTACT,IS_PRIMARY,5,SMALLINT,"SMALLINT(2,0)",YES,,2,2,0,,,,T,T,19995,,NO,NO,,
EDW_MART,DIM_CUSTOMER_CONTACT,EFFECTIVE_TO,8,TIMESTAMP,"TIMESTAMP(10,6)",YES,,10,10,6,,,,T,T,19995,,NO,NO,,
EDW_MART,DIM_CUSTOMER_CONTACT,CREATE_DATE_TIME,12,TIMESTAMP,"TIMESTAMP(10,6)",YES,,10,10,6,,,,T,T,19995,,NO,NO,,
EDW_MART,DIM_CUSTOMER_CONTACT,UPDATE_DATE_TIME,13,TIMESTAMP,"TIMESTAMP(10,6)",YES,,10,10,6,,,,T,T,19995,,NO,NO,,
EDW_MART,DIM_CUSTOMER_CONTACT,CONTACT_METHOD,20,VARCHAR,"VARCHAR(16,0)",YES,,16,16,0,,,,T,T,19995,,NO,NO,,
EDW_MART,DIM_CUSTOMER_CONTACT,CONTACT_VALUE,4,VARCHAR,"VARCHAR(255,0)",YES,,255,255,0,,,,T,T,19995,,NO,NO,,
EDW_MART,DIM_CUSTOMER_CONTACT,CONTACT_TYPE,3,VARCHAR,"VARCHAR(64,0)",YES,,64,64,0,,,,T,T,19995,,NO,NO,,
EDW_MART,DIM_CUSTOMER_CONTACT,CREATED_BY,10,VARCHAR,"VARCHAR(64,0)",YES,,64,64,0,,,,T,T,19995,,NO,NO,,
EDW_MART,DIM_CUSTOMER_CONTACT,UPDATED_BY,11,VARCHAR,"VARCHAR(64,0)",YES,,64,64,0,,,,T,T,19995,,NO,NO,,
EDW_MART,DIM_CUSTOMER_CONTACT,DATA_SOURCE,14,VARCHAR,"VARCHAR(64,0)",YES,,64,64,0,,,,T,T,19995,,NO,NO,,
EDW_MART,DIM_CUSTOMER_CONTACT,CREATE_BATCH_ID,15,VARCHAR,"VARCHAR(64,0)",YES,,64,64,0,,,,T,T,19995,,NO,NO,,
EDW_MART,DIM_CUSTOMER_CONTACT,UPDATE_BATCH_ID,16,VARCHAR,"VARCHAR(64,0)",YES,,64,64,0,,,,T,T,19995,,NO,NO,,
EDW_MART,DIM_CUSTOMER_CONTACT,BUSINESS_COLUMN,17,VARCHAR,"VARCHAR(64,0)",YES,,64,64,0,,,,T,T,19995,,NO,NO,,
EDW_MART,DIM_CUSTOMER_CONTACT,SK_CUSTOMER_CONTACT_KEY,1,BIGINT,"BIGINT(8,0)",NO,,8,8,0,PRI,,,T,T,19995,,YES,NO,,
EDW_MART,DIM_DATE,IS_DELETED,25,CHARACTER,"CHARACTER(1,0)",YES,'N',1,1,0,,,,T,T,11323,,NO,NO,,
EDW_MART,DIM_DATE,CURRENT_FLAG,22,CHARACTER,"CHARACTER(1,0)",YES,'Y',1,1,0,,,,T,T,11323,,NO,NO,,
EDW_MART,DIM_DATE,IS_WEEKEND,14,CHARACTER,"CHARACTER(1,0)",NO,,1,1,0,,,,T,T,11323,,NO,NO,,
EDW_MART,DIM_DATE,FULL_DATE,2,DATE,"DATE(4,0)",NO,,4,4,0,,,,T,T,11323,,NO,NO,,
EDW_MART,DIM_DATE,YEAR_NUMBER,10,INTEGER,"INTEGER(4,0)",NO,,4,4,0,,,,T,T,11323,,NO,NO,,
EDW_MART,DIM_DATE,DAY_NUMBER_IN_MONTH,3,SMALLINT,"SMALLINT(2,0)",NO,,2,2,0,,,,T,T,11323,,NO,NO,,
EDW_MART,DIM_DATE,DAY_NUMBER_IN_YEAR,4,SMALLINT,"SMALLINT(2,0)",NO,,2,2,0,,,,T,T,11323,,NO,NO,,
EDW_MART,DIM_DATE,WEEK_NUMBER_IN_YEAR,6,SMALLINT,"SMALLINT(2,0)",NO,,2,2,0,,,,T,T,11323,,NO,NO,,
EDW_MART,DIM_DATE,MONTH_NUMBER,7,SMALLINT,"SMALLINT(2,0)",NO,,2,2,0,,,,T,T,11323,,NO,NO,,
EDW_MART,DIM_DATE,QUARTER_NUMBER,9,SMALLINT,"SMALLINT(2,0)",NO,,2,2,0,,,,T,T,11323,,NO,NO,,
EDW_MART,DIM_DATE,START_DATE,23,TIMESTAMP,"TIMESTAMP(10,6)",NO,,10,10,6,,,,T,T,11323,,NO,NO,,
EDW_MART,DIM_DATE,DAY_NAME,5,VARCHAR,"VARCHAR(32,0)",NO,,32,32,0,,,,T,T,11323,,NO,NO,,
EDW_MART,DIM_DATE,MONTH_NAME,8,VARCHAR,"VARCHAR(32,0)",NO,,32,32,0,,,,T,T,11323,,NO,NO,,
EDW_MART,DIM_DATE,CREATE_BATCH_ID,20,BIGINT,"BIGINT(8,0)",YES,,8,8,0,,,,T,T,11323,,NO,NO,,
EDW_MART,DIM_DATE,UPDATE_BATCH_ID,21,BIGINT,"BIGINT(8,0)",YES,,8,8,0,,,,T,T,11323,,NO,NO,,
EDW_MART,DIM_DATE,FISCAL_YEAR,13,INTEGER,"INTEGER(4,0)",YES,,4,4,0,,,,T,T,11323,,NO,NO,,
EDW_MART,DIM_DATE,FISCAL_MONTH_NUMBER,11,SMALLINT,"SMALLINT(2,0)",YES,,2,2,0,,,,T,T,11323,,NO,NO,,
EDW_MART,DIM_DATE,FISCAL_QUARTER,12,SMALLINT,"SMALLINT(2,0)",YES,,2,2,0,,,,T,T,11323,,NO,NO,,
EDW_MART,DIM_DATE,CREATE_DATE_TIME,17,TIMESTAMP,"TIMESTAMP(10,6)",YES,,10,10,6,,,,T,T,11323,,NO,NO,,
EDW_MART,DIM_DATE,UPDATE_DATE_TIME,18,TIMESTAMP,"TIMESTAMP(10,6)",YES,,10,10,6,,,,T,T,11323,,NO,NO,,
EDW_MART,DIM_DATE,END_DATE,24,TIMESTAMP,"TIMESTAMP(10,6)",YES,,10,10,6,,,,T,T,11323,,NO,NO,,
EDW_MART,DIM_DATE,CREATED_BY,15,VARCHAR,"VARCHAR(64,0)",YES,,64,64,0,,,,T,T,11323,,NO,NO,,
EDW_MART,DIM_DATE,UPDATED_BY,16,VARCHAR,"VARCHAR(64,0)",YES,,64,64,0,,,,T,T,11323,,NO,NO,,
EDW_MART,DIM_DATE,DATA_SOURCE,19,VARCHAR,"VARCHAR(64,0)",YES,,64,64,0,,,,T,T,11323,,NO,NO,,
EDW_MART,DIM_DATE,SK_DATE_KEY,1,INTEGER,"INTEGER(4,0)",NO,,4,4,0,PRI,,,T,T,11323,,YES,NO,,
EDW_MART,DIM_PRODUCT,SK_PRODUCT_CATEGORY_KEY,6,BIGINT,"BIGINT(8,0)",YES,,8,8,0,,,,T,T,7,,NO,NO,,
EDW_MART,DIM_PRODUCT,SK_PRODUCT_TYPE_KEY,7,BIGINT,"BIGINT(8,0)",YES,,8,8,0,,,,T,T,7,,NO,NO,,
EDW_MART,DIM_PRODUCT,CREATE_BATCH_ID,20,BIGINT,"BIGINT(8,0)",YES,,8,8,0,,,,T,T,7,,NO,NO,,
EDW_MART,DIM_PRODUCT,UPDATE_BATCH_ID,21,BIGINT,"BIGINT(8,0)",YES,,8,8,0,,,,T,T,7,,NO,NO,,
EDW_MART,DIM_PRODUCT,PRODUCT_CATEGORY_ID,22,BIGINT,"BIGINT(8,0)",YES,,8,8,0,,,,T,T,7,,NO,NO,,
EDW_MART,DIM_PRODUCT,PRODUCT_TYPE_ID,23,BIGINT,"BIGINT(8,0)",YES,,8,8,0,,,,T,T,7,,NO,NO,,
EDW_MART,DIM_PRODUCT,STATUS_ID,24,BIGINT,"BIGINT(8,0)",YES,,8,8,0,,,,T,T,7,,NO,NO,,
EDW_MART,DIM_PRODUCT,CURRENT_FLAG,11,CHARACTER,"CHARACTER(1,0)",YES,,1,1,0,,,,T,T,7,,NO,NO,,
EDW_MART,DIM_PRODUCT,IS_DELETED,14,CHARACTER,"CHARACTER(1,0)",YES,,1,1,0,,,,T,T,7,,NO,NO,,
EDW_MART,DIM_PRODUCT,EFFECTIVE_FROM_DATE,9,DATE,"DATE(4,0)",YES,,4,4,0,,,,T,T,7,,NO,NO,,
EDW_MART,DIM_PRODUCT,EFFECTIVE_TO_DATE,10,DATE,"DATE(4,0)",YES,,4,4,0,,,,T,T,7,,NO,NO,,
EDW_MART,DIM_PRODUCT,EFFECTIVE_FROM,12,TIMESTAMP,"TIMESTAMP(10,6)",YES,,10,10,6,,,,T,T,7,,NO,NO,,
EDW_MART,DIM_PRODUCT,EFFECTIVE_TO,13,TIMESTAMP,"TIMESTAMP(10,6)",YES,,10,10,6,,,,T,T,7,,NO,NO,,
EDW_MART,DIM_PRODUCT,CREATE_DATE_TIME,17,TIMESTAMP,"TIMESTAMP(10,6)",YES,,10,10,6,,,,T,T,7,,NO,NO,,
EDW_MART,DIM_PRODUCT,UPDATE_DATE_TIME,18,TIMESTAMP,"TIMESTAMP(10,6)",YES,,10,10,6,,,,T,T,7,,NO,NO,,
EDW_MART,DIM_PRODUCT,PRODUCT_NAME,3,VARCHAR,"VARCHAR(128,0)",YES,,128,128,0,,,,T,T,7,,NO,NO,,
EDW_MART,DIM_PRODUCT,PRODUCT_ID,2,VARCHAR,"VARCHAR(64,0)",YES,,64,64,0,,,,T,T,7,,NO,NO,,
EDW_MART,DIM_PRODUCT,PRODUCT_CODE,4,VARCHAR,"VARCHAR(64,0)",YES,,64,64,0,,,,T,T,7,,NO,NO,,
EDW_MART,DIM_PRODUCT,PRODUCT_STATUS_CODE,5,VARCHAR,"VARCHAR(64,0)",YES,,64,64,0,,,,T,T,7,,NO,NO,,
EDW_MART,DIM_PRODUCT,CURRENCY_CODE,8,VARCHAR,"VARCHAR(64,0)",YES,,64,64,0,,,,T,T,7,,NO,NO,,
EDW_MART,DIM_PRODUCT,CREATED_BY,15,VARCHAR,"VARCHAR(64,0)",YES,,64,64,0,,,,T,T,7,,NO,NO,,
EDW_MART,DIM_PRODUCT,UPDATED_BY,16,VARCHAR,"VARCHAR(64,0)",YES,,64,64,0,,,,T,T,7,,NO,NO,,
EDW_MART,DIM_PRODUCT,DATA_SOURCE,19,VARCHAR,"VARCHAR(64,0)",YES,,64,64,0,,,,T,T,7,,NO,NO,,
EDW_MART,DIM_PRODUCT,BUSINESS_COLUMN,25,VARCHAR,"VARCHAR(64,0)",YES,,64,64,0,,,,T,T,7,,NO,NO,,
EDW_MART,DIM_PRODUCT,SK_PRODUCT_KEY,1,BIGINT,"BIGINT(8,0)",NO,,8,8,0,PRI,,,T,T,7,,YES,NO,,
EDW_MART,DIM_PRODUCT_CATEGORY,EFFECTIVE_FROM,6,TIMESTAMP,"TIMESTAMP(10,6)",NO,,10,10,6,,,,T,T,5,,NO,NO,,
EDW_MART,DIM_PRODUCT_CATEGORY,CREATE_BATCH_ID,14,BIGINT,"BIGINT(8,0)",YES,,8,8,0,,,,T,T,5,,NO,NO,,
EDW_MART,DIM_PRODUCT_CATEGORY,UPDATE_BATCH_ID,15,BIGINT,"BIGINT(8,0)",YES,,8,8,0,,,,T,T,5,,NO,NO,,
EDW_MART,DIM_PRODUCT_CATEGORY,PRODUCT_CATEGORY_ID,17,BIGINT,"BIGINT(8,0)",YES,,8,8,0,,,,T,T,5,,NO,NO,,
EDW_MART,DIM_PRODUCT_CATEGORY,STATUS_ID,18,BIGINT,"BIGINT(8,0)",YES,,8,8,0,,,,T,T,5,,NO,NO,,
EDW_MART,DIM_PRODUCT_CATEGORY,CURRENT_FLAG,5,CHARACTER,"CHARACTER(1,0)",YES,,1,1,0,,,,T,T,5,,NO,NO,,
EDW_MART,DIM_PRODUCT_CATEGORY,IS_DELETED,8,CHARACTER,"CHARACTER(1,0)",YES,,1,1,0,,,,T,T,5,,NO,NO,,
EDW_MART,DIM_PRODUCT_CATEGORY,EFFECTIVE_TO,7,TIMESTAMP,"TIMESTAMP(10,6)",YES,,10,10,6,,,,T,T,5,,NO,NO,,
EDW_MART,DIM_PRODUCT_CATEGORY,CREATE_DATE_TIME,11,TIMESTAMP,"TIMESTAMP(10,6)",YES,,10,10,6,,,,T,T,5,,NO,NO,,
EDW_MART,DIM_PRODUCT_CATEGORY,UPDATE_DATE_TIME,12,TIMESTAMP,"TIMESTAMP(10,6)",YES,,10,10,6,,,,T,T,5,,NO,NO,,
EDW_MART,DIM_PRODUCT_CATEGORY,PRODUCT_CATEGORY_NAME,3,VARCHAR,"VARCHAR(128,0)",YES,,128,128,0,,,,T,T,5,,NO,NO,,
EDW_MART,DIM_PRODUCT_CATEGORY,DESCRIPTION,4,VARCHAR,"VARCHAR(255,0)",YES,,255,255,0,,,,T,T,5,,NO,NO,,
EDW_MART,DIM_PRODUCT_CATEGORY,PRODUCT_CATEGORY_CODE,2,VARCHAR,"VARCHAR(64,0)",YES,,64,64,0,,,,T,T,5,,NO,NO,,
EDW_MART,DIM_PRODUCT_CATEGORY,CREATED_BY,9,VARCHAR,"VARCHAR(64,0)",YES,,64,64,0,,,,T,T,5,,NO,NO,,
EDW_MART,DIM_PRODUCT_CATEGORY,UPDATED_BY,10,VARCHAR,"VARCHAR(64,0)",YES,,64,64,0,,,,T,T,5,,NO,NO,,
EDW_MART,DIM_PRODUCT_CATEGORY,DATA_SOURCE,13,VARCHAR,"VARCHAR(64,0)",YES,,64,64,0,,,,T,T,5,,NO,NO,,
EDW_MART,DIM_PRODUCT_CATEGORY,BUSINESS_COLUMN,16,VARCHAR,"VARCHAR(64,0)",YES,,64,64,0,,,,T,T,5,,NO,NO,,
EDW_MART,DIM_PRODUCT_CATEGORY,SK_PRODUCT_CATEGORY_KEY,1,BIGINT,"BIGINT(8,0)",NO,,8,8,0,PRI,,,T,T,5,,YES,NO,,
EDW_MART,DIM_PRODUCT_TYPE,EFFECTIVE_FROM,6,TIMESTAMP,"TIMESTAMP(10,6)",NO,,10,10,6,,,,T,T,6,,NO,NO,,
EDW_MART,DIM_PRODUCT_TYPE,CREATE_BATCH_ID,14,BIGINT,"BIGINT(8,0)",YES,,8,8,0,,,,T,T,6,,NO,NO,,
EDW_MART,DIM_PRODUCT_TYPE,UPDATE_BATCH_ID,15,BIGINT,"BIGINT(8,0)",YES,,8,8,0,,,,T,T,6,,NO,NO,,
EDW_MART,DIM_PRODUCT_TYPE,PRODUCT_TYPE_ID,16,BIGINT,"BIGINT(8,0)",YES,,8,8,0,,,,T,T,6,,NO,NO,,
EDW_MART,DIM_PRODUCT_TYPE,STATUS_ID,17,BIGINT,"BIGINT(8,0)",YES,,8,8,0,,,,T,T,6,,NO,NO,,
EDW_MART,DIM_PRODUCT_TYPE,CURRENT_FLAG,5,CHARACTER,"CHARACTER(1,0)",YES,,1,1,0,,,,T,T,6,,NO,NO,,
EDW_MART,DIM_PRODUCT_TYPE,IS_DELETED,8,CHARACTER,"CHARACTER(1,0)",YES,,1,1,0,,,,T,T,6,,NO,NO,,
EDW_MART,DIM_PRODUCT_TYPE,CUSTOMER_ID,18,INTEGER,"INTEGER(4,0)",YES,,4,4,0,,,,T,T,6,,NO,NO,,
EDW_MART,DIM_PRODUCT_TYPE,EFFECTIVE_TO,7,TIMESTAMP,"TIMESTAMP(10,6)",YES,,10,10,6,,,,T,T,6,,NO,NO,,
EDW_MART,DIM_PRODUCT_TYPE,CREATE_DATE_TIME,11,TIMESTAMP,"TIMESTAMP(10,6)",YES,,10,10,6,,,,T,T,6,,NO,NO,,
EDW_MART,DIM_PRODUCT_TYPE,UPDATE_DATE_TIME,12,TIMESTAMP,"TIMESTAMP(10,6)",YES,,10,10,6,,,,T,T,6,,NO,NO,,
EDW_MART,DIM_PRODUCT_TYPE,PRODUCT_TYPE_NAME,3,VARCHAR,"VARCHAR(128,0)",YES,,128,128,0,,,,T,T,6,,NO,NO,,
EDW_MART,DIM_PRODUCT_TYPE,DESCRIPTION,4,VARCHAR,"VARCHAR(255,0)",YES,,255,255,0,,,,T,T,6,,NO,NO,,
EDW_MART,DIM_PRODUCT_TYPE,FIRST_NAME,19,VARCHAR,"VARCHAR(50,0)",YES,,50,50,0,,,,T,T,6,,NO,NO,,
EDW_MART,DIM_PRODUCT_TYPE,LAST_NAME,20,VARCHAR,"VARCHAR(50,0)",YES,,50,50,0,,,,T,T,6,,NO,NO,,
EDW_MART,DIM_PRODUCT_TYPE,GENDER,21,VARCHAR,"VARCHAR(50,0)",YES,,50,50,0,,,,T,T,6,,NO,NO,,
EDW_MART,DIM_PRODUCT_TYPE,NATIONAL_ID,22,VARCHAR,"VARCHAR(50,0)",YES,,50,50,0,,,,T,T,6,,NO,NO,,
EDW_MART,DIM_PRODUCT_TYPE,CUSTOMER_TIMEZONE_OFFSET,23,VARCHAR,"VARCHAR(50,0)",YES,,50,50,0,,,,T,T,6,,NO,NO,,
EDW_MART,DIM_PRODUCT_TYPE,REGISTRATION_DATE,24,VARCHAR,"VARCHAR(50,0)",YES,,50,50,0,,,,T,T,6,,NO,NO,,
EDW_MART,DIM_PRODUCT_TYPE,MOBILE_NUMBER,25,VARCHAR,"VARCHAR(50,0)",YES,,50,50,0,,,,T,T,6,,NO,NO,,
EDW_MART,DIM_PRODUCT_TYPE,EMAIL_ADDRESS,26,VARCHAR,"VARCHAR(50,0)",YES,,50,50,0,,,,T,T,6,,NO,NO,,
EDW_MART,DIM_PRODUCT_TYPE,CUSTOMER_STATUS,27,VARCHAR,"VARCHAR(50,0)",YES,,50,50,0,,,,T,T,6,,NO,NO,,
EDW_MART,DIM_PRODUCT_TYPE,RISK_RATING,28,VARCHAR,"VARCHAR(50,0)",YES,,50,50,0,,,,T,T,6,,NO,NO,,
EDW_MART,DIM_PRODUCT_TYPE,CUSTOMER_SEGMENT,29,VARCHAR,"VARCHAR(50,0)",YES,,50,50,0,,,,T,T,6,,NO,NO,,
EDW_MART,DIM_PRODUCT_TYPE,DATE_OF_BIRTH,31,VARCHAR,"VARCHAR(50,0)",YES,,50,50,0,,,,T,T,6,,NO,NO,,
EDW_MART,DIM_PRODUCT_TYPE,PRODUCT_TYPE_CODE,2,VARCHAR,"VARCHAR(64,0)",YES,,64,64,0,,,,T,T,6,,NO,NO,,
EDW_MART,DIM_PRODUCT_TYPE,CREATED_BY,9,VARCHAR,"VARCHAR(64,0)",YES,,64,64,0,,,,T,T,6,,NO,NO,,
EDW_MART,DIM_PRODUCT_TYPE,UPDATED_BY,10,VARCHAR,"VARCHAR(64,0)",YES,,64,64,0,,,,T,T,6,,NO,NO,,
EDW_MART,DIM_PRODUCT_TYPE,DATA_SOURCE,13,VARCHAR,"VARCHAR(64,0)",YES,,64,64,0,,,,T,T,6,,NO,NO,,
EDW_MART,DIM_PRODUCT_TYPE,BUSINESS_COLUMN,30,VARCHAR,"VARCHAR(64,0)",YES,,64,64,0,,,,T,T,6,,NO,NO,,
EDW_MART,DIM_PRODUCT_TYPE,SK_PRODUCT_TYPE_KEY,1,BIGINT,"BIGINT(8,0)",NO,,8,8,0,PRI,,,T,T,6,,YES,NO,,
EDW_MART,DIM_TRANSACTION_CATEGORY,EFFECTIVE_FROM,6,TIMESTAMP,"TIMESTAMP(10,6)",NO,,10,10,6,,,,T,T,1,,NO,NO,,
EDW_MART,DIM_TRANSACTION_CATEGORY,CREATE_BATCH_ID,14,BIGINT,"BIGINT(8,0)",YES,,8,8,0,,,,T,T,1,,NO,NO,,
EDW_MART,DIM_TRANSACTION_CATEGORY,UPDATE_BATCH_ID,15,BIGINT,"BIGINT(8,0)",YES,,8,8,0,,,,T,T,1,,NO,NO,,
EDW_MART,DIM_TRANSACTION_CATEGORY,CURRENT_FLAG,5,CHARACTER,"CHARACTER(1,0)",YES,,1,1,0,,,,T,T,1,,NO,NO,,
EDW_MART,DIM_TRANSACTION_CATEGORY,IS_DELETED,8,CHARACTER,"CHARACTER(1,0)",YES,,1,1,0,,,,T,T,1,,NO,NO,,
EDW_MART,DIM_TRANSACTION_CATEGORY,EFFECTIVE_TO,7,TIMESTAMP,"TIMESTAMP(10,6)",YES,,10,10,6,,,,T,T,1,,NO,NO,,
EDW_MART,DIM_TRANSACTION_CATEGORY,CREATE_DATE_TIME,11,TIMESTAMP,"TIMESTAMP(10,6)",YES,,10,10,6,,,,T,T,1,,NO,NO,,
EDW_MART,DIM_TRANSACTION_CATEGORY,UPDATE_DATE_TIME,12,TIMESTAMP,"TIMESTAMP(10,6)",YES,,10,10,6,,,,T,T,1,,NO,NO,,
EDW_MART,DIM_TRANSACTION_CATEGORY,TRANSACTION_CATEGORY_NAME,3,VARCHAR,"VARCHAR(128,0)",YES,,128,128,0,,,,T,T,1,,NO,NO,,
EDW_MART,DIM_TRANSACTION_CATEGORY,DESCRIPTION,4,VARCHAR,"VARCHAR(255,0)",YES,,255,255,0,,,,T,T,1,,NO,NO,,
EDW_MART,DIM_TRANSACTION_CATEGORY,TRANSACTION_CATEGORY_CODE,2,VARCHAR,"VARCHAR(64,0)",YES,,64,64,0,,,,T,T,1,,NO,NO,,
EDW_MART,DIM_TRANSACTION_CATEGORY,CREATED_BY,9,VARCHAR,"VARCHAR(64,0)",YES,,64,64,0,,,,T,T,1,,NO,NO,,
EDW_MART,DIM_TRANSACTION_CATEGORY,UPDATED_BY,10,VARCHAR,"VARCHAR(64,0)",YES,,64,64,0,,,,T,T,1,,NO,NO,,
EDW_MART,DIM_TRANSACTION_CATEGORY,DATA_SOURCE,13,VARCHAR,"VARCHAR(64,0)",YES,,64,64,0,,,,T,T,1,,NO,NO,,
EDW_MART,DIM_TRANSACTION_CATEGORY,BUSINESS_COLUMN,16,VARCHAR,"VARCHAR(64,0)",YES,,64,64,0,,,,T,T,1,,NO,NO,,
EDW_MART,DIM_TRANSACTION_CATEGORY,SK_TRANSACTION_CATEGORY_KEY,1,BIGINT,"BIGINT(8,0)",NO,,8,8,0,PRI,,,T,T,1,,YES,NO,,
EDW_MART,DIM_TRANSACTION_CHANNEL,EFFECTIVE_FROM,6,TIMESTAMP,"TIMESTAMP(10,6)",NO,,10,10,6,,,,T,T,5,,NO,NO,,
EDW_MART,DIM_TRANSACTION_CHANNEL,CREATE_BATCH_ID,14,BIGINT,"BIGINT(8,0)",YES,,8,8,0,,,,T,T,5,,NO,NO,,
EDW_MART,DIM_TRANSACTION_CHANNEL,UPDATE_BATCH_ID,15,BIGINT,"BIGINT(8,0)",YES,,8,8,0,,,,T,T,5,,NO,NO,,
EDW_MART,DIM_TRANSACTION_CHANNEL,TRANSACTION_CHANNEL_ID,17,BIGINT,"BIGINT(8,0)",YES,,8,8,0,,,,T,T,5,,NO,NO,,
EDW_MART,DIM_TRANSACTION_CHANNEL,CURRENT_FLAG,5,CHARACTER,"CHARACTER(1,0)",YES,,1,1,0,,,,T,T,5,,NO,NO,,
EDW_MART,DIM_TRANSACTION_CHANNEL,IS_DELETED,8,CHARACTER,"CHARACTER(1,0)",YES,,1,1,0,,,,T,T,5,,NO,NO,,
EDW_MART,DIM_TRANSACTION_CHANNEL,EFFECTIVE_TO,7,TIMESTAMP,"TIMESTAMP(10,6)",YES,,10,10,6,,,,T,T,5,,NO,NO,,
EDW_MART,DIM_TRANSACTION_CHANNEL,CREATE_DATE_TIME,11,TIMESTAMP,"TIMESTAMP(10,6)",YES,,10,10,6,,,,T,T,5,,NO,NO,,
EDW_MART,DIM_TRANSACTION_CHANNEL,UPDATE_DATE_TIME,12,TIMESTAMP,"TIMESTAMP(10,6)",YES,,10,10,6,,,,T,T,5,,NO,NO,,
EDW_MART,DIM_TRANSACTION_CHANNEL,TRANSACTION_CHANNEL_NAME,3,VARCHAR,"VARCHAR(128,0)",YES,,128,128,0,,,,T,T,5,,NO,NO,,
EDW_MART,DIM_TRANSACTION_CHANNEL,DESCRIPTION,4,VARCHAR,"VARCHAR(255,0)",YES,,255,255,0,,,,T,T,5,,NO,NO,,
EDW_MART,DIM_TRANSACTION_CHANNEL,TRANSACTION_CHANNEL_CODE,2,VARCHAR,"VARCHAR(64,0)",YES,,64,64,0,,,,T,T,5,,NO,NO,,
EDW_MART,DIM_TRANSACTION_CHANNEL,CREATED_BY,9,VARCHAR,"VARCHAR(64,0)",YES,,64,64,0,,,,T,T,5,,NO,NO,,
EDW_MART,DIM_TRANSACTION_CHANNEL,UPDATED_BY,10,VARCHAR,"VARCHAR(64,0)",YES,,64,64,0,,,,T,T,5,,NO,NO,,
EDW_MART,DIM_TRANSACTION_CHANNEL,DATA_SOURCE,13,VARCHAR,"VARCHAR(64,0)",YES,,64,64,0,,,,T,T,5,,NO,NO,,
EDW_MART,DIM_TRANSACTION_CHANNEL,BUSINESS_COLUMN,16,VARCHAR,"VARCHAR(64,0)",YES,,64,64,0,,,,T,T,5,,NO,NO,,
EDW_MART,DIM_TRANSACTION_CHANNEL,SK_TRANSACTION_CHANNEL_KEY,1,BIGINT,"BIGINT(8,0)",NO,,8,8,0,PRI,,,T,T,5,,YES,NO,,
EDW_MART,DIM_TRANSACTION_CODE,START_DATE,6,TIMESTAMP,"TIMESTAMP(10,6)",NO,,10,10,6,,,,T,T,1,,NO,NO,,
EDW_MART,DIM_TRANSACTION_CODE,CREATE_BATCH_ID,14,BIGINT,"BIGINT(8,0)",YES,,8,8,0,,,,T,T,1,,NO,NO,,
EDW_MART,DIM_TRANSACTION_CODE,UPDATE_BATCH_ID,15,BIGINT,"BIGINT(8,0)",YES,,8,8,0,,,,T,T,1,,NO,NO,,
EDW_MART,DIM_TRANSACTION_CODE,CURRENT_FLAG,5,CHARACTER,"CHARACTER(1,0)",YES,,1,1,0,,,,T,T,1,,NO,NO,,
EDW_MART,DIM_TRANSACTION_CODE,IS_DELETED,8,CHARACTER,"CHARACTER(1,0)",YES,,1,1,0,,,,T,T,1,,NO,NO,,
EDW_MART,DIM_TRANSACTION_CODE,END_DATE,7,TIMESTAMP,"TIMESTAMP(10,6)",YES,,10,10,6,,,,T,T,1,,NO,NO,,
EDW_MART,DIM_TRANSACTION_CODE,CREATE_DATE_TIME,11,TIMESTAMP,"TIMESTAMP(10,6)",YES,,10,10,6,,,,T,T,1,,NO,NO,,
EDW_MART,DIM_TRANSACTION_CODE,UPDATE_DATE_TIME,12,TIMESTAMP,"TIMESTAMP(10,6)",YES,,10,10,6,,,,T,T,1,,NO,NO,,
EDW_MART,DIM_TRANSACTION_CODE,TRANSACTION_CODE_NAME,3,VARCHAR,"VARCHAR(128,0)",YES,,128,128,0,,,,T,T,1,,NO,NO,,
EDW_MART,DIM_TRANSACTION_CODE,DESCRIPTION,4,VARCHAR,"VARCHAR(255,0)",YES,,255,255,0,,,,T,T,1,,NO,NO,,
EDW_MART,DIM_TRANSACTION_CODE,TRANSACTION_CODE,2,VARCHAR,"VARCHAR(64,0)",YES,,64,64,0,,,,T,T,1,,NO,NO,,
EDW_MART,DIM_TRANSACTION_CODE,CREATED_BY,9,VARCHAR,"VARCHAR(64,0)",YES,,64,64,0,,,,T,T,1,,NO,NO,,
EDW_MART,DIM_TRANSACTION_CODE,UPDATED_BY,10,VARCHAR,"VARCHAR(64,0)",YES,,64,64,0,,,,T,T,1,,NO,NO,,
EDW_MART,DIM_TRANSACTION_CODE,DATA_SOURCE,13,VARCHAR,"VARCHAR(64,0)",YES,,64,64,0,,,,T,T,1,,NO,NO,,
EDW_MART,DIM_TRANSACTION_CODE,SK_TRANSACTION_CODE_KEY,1,BIGINT,"BIGINT(8,0)",NO,,8,8,0,PRI,,,T,T,1,,YES,NO,,
EDW_MART,DIM_TRANSACTION_STATUS,EFFECTIVE_FROM,6,TIMESTAMP,"TIMESTAMP(10,6)",NO,,10,10,6,,,,T,T,3,,NO,NO,,
EDW_MART,DIM_TRANSACTION_STATUS,CREATE_BATCH_ID,14,BIGINT,"BIGINT(8,0)",YES,,8,8,0,,,,T,T,3,,NO,NO,,
EDW_MART,DIM_TRANSACTION_STATUS,UPDATE_BATCH_ID,15,BIGINT,"BIGINT(8,0)",YES,,8,8,0,,,,T,T,3,,NO,NO,,
EDW_MART,DIM_TRANSACTION_STATUS,TRANSACTION_STATUS_ID,16,BIGINT,"BIGINT(8,0)",YES,,8,8,0,,,,T,T,3,,NO,NO,,
EDW_MART,DIM_TRANSACTION_STATUS,CURRENT_FLAG,5,CHARACTER,"CHARACTER(1,0)",YES,,1,1,0,,,,T,T,3,,NO,NO,,
EDW_MART,DIM_TRANSACTION_STATUS,IS_DELETED,8,CHARACTER,"CHARACTER(1,0)",YES,,1,1,0,,,,T,T,3,,NO,NO,,
EDW_MART,DIM_TRANSACTION_STATUS,EFFECTIVE_TO,7,TIMESTAMP,"TIMESTAMP(10,6)",YES,,10,10,6,,,,T,T,3,,NO,NO,,
EDW_MART,DIM_TRANSACTION_STATUS,CREATE_DATE_TIME,11,TIMESTAMP,"TIMESTAMP(10,6)",YES,,10,10,6,,,,T,T,3,,NO,NO,,
EDW_MART,DIM_TRANSACTION_STATUS,UPDATE_DATE_TIME,12,TIMESTAMP,"TIMESTAMP(10,6)",YES,,10,10,6,,,,T,T,3,,NO,NO,,
EDW_MART,DIM_TRANSACTION_STATUS,TRANSACTION_STATUS_NAME,3,VARCHAR,"VARCHAR(128,0)",YES,,128,128,0,,,,T,T,3,,NO,NO,,
EDW_MART,DIM_TRANSACTION_STATUS,DESCRIPTION,4,VARCHAR,"VARCHAR(255,0)",YES,,255,255,0,,,,T,T,3,,NO,NO,,
EDW_MART,DIM_TRANSACTION_STATUS,TRANSACTION_STATUS_CODE,2,VARCHAR,"VARCHAR(64,0)",YES,,64,64,0,,,,T,T,3,,NO,NO,,
EDW_MART,DIM_TRANSACTION_STATUS,CREATED_BY,9,VARCHAR,"VARCHAR(64,0)",YES,,64,64,0,,,,T,T,3,,NO,NO,,
EDW_MART,DIM_TRANSACTION_STATUS,UPDATED_BY,10,VARCHAR,"VARCHAR(64,0)",YES,,64,64,0,,,,T,T,3,,NO,NO,,
EDW_MART,DIM_TRANSACTION_STATUS,DATA_SOURCE,13,VARCHAR,"VARCHAR(64,0)",YES,,64,64,0,,,,T,T,3,,NO,NO,,
EDW_MART,DIM_TRANSACTION_STATUS,BUSINESS_COLUMN,17,VARCHAR,"VARCHAR(64,0)",YES,,64,64,0,,,,T,T,3,,NO,NO,,
EDW_MART,DIM_TRANSACTION_STATUS,SK_TRANSACTION_STATUS_KEY,1,BIGINT,"BIGINT(8,0)",NO,,8,8,0,PRI,,,T,T,3,,YES,NO,,
EDW_MART,DIM_TRANSACTION_TYPE,EFFECTIVE_FROM,6,TIMESTAMP,"TIMESTAMP(10,6)",NO,,10,10,6,,,,T,T,5,,NO,NO,,
EDW_MART,DIM_TRANSACTION_TYPE,CREATE_BATCH_ID,14,BIGINT,"BIGINT(8,0)",YES,,8,8,0,,,,T,T,5,,NO,NO,,
EDW_MART,DIM_TRANSACTION_TYPE,UPDATE_BATCH_ID,15,BIGINT,"BIGINT(8,0)",YES,,8,8,0,,,,T,T,5,,NO,NO,,
EDW_MART,DIM_TRANSACTION_TYPE,TRANSACTION_TYPE_ID,17,BIGINT,"BIGINT(8,0)",YES,,8,8,0,,,,T,T,5,,NO,NO,,
EDW_MART,DIM_TRANSACTION_TYPE,CURRENT_FLAG,5,CHARACTER,"CHARACTER(1,0)",YES,,1,1,0,,,,T,T,5,,NO,NO,,
EDW_MART,DIM_TRANSACTION_TYPE,IS_DELETED,8,CHARACTER,"CHARACTER(1,0)",YES,,1,1,0,,,,T,T,5,,NO,NO,,
EDW_MART,DIM_TRANSACTION_TYPE,IS_DEBIT,18,SMALLINT,"SMALLINT(2,0)",YES,,2,2,0,,,,T,T,5,,NO,NO,,
EDW_MART,DIM_TRANSACTION_TYPE,IS_CREDIT,19,SMALLINT,"SMALLINT(2,0)",YES,,2,2,0,,,,T,T,5,,NO,NO,,
EDW_MART,DIM_TRANSACTION_TYPE,EFFECTIVE_TO,7,TIMESTAMP,"TIMESTAMP(10,6)",YES,,10,10,6,,,,T,T,5,,NO,NO,,
EDW_MART,DIM_TRANSACTION_TYPE,CREATE_DATE_TIME,11,TIMESTAMP,"TIMESTAMP(10,6)",YES,,10,10,6,,,,T,T,5,,NO,NO,,
EDW_MART,DIM_TRANSACTION_TYPE,UPDATE_DATE_TIME,12,TIMESTAMP,"TIMESTAMP(10,6)",YES,,10,10,6,,,,T,T,5,,NO,NO,,
EDW_MART,DIM_TRANSACTION_TYPE,TRANSACTION_TYPE_NAME,3,VARCHAR,"VARCHAR(128,0)",YES,,128,128,0,,,,T,T,5,,NO,NO,,
EDW_MART,DIM_TRANSACTION_TYPE,DESCRIPTION,4,VARCHAR,"VARCHAR(255,0)",YES,,255,255,0,,,,T,T,5,,NO,NO,,
EDW_MART,DIM_TRANSACTION_TYPE,TRANSACTION_TYPE_CODE,2,VARCHAR,"VARCHAR(64,0)",YES,,64,64,0,,,,T,T,5,,NO,NO,,
EDW_MART,DIM_TRANSACTION_TYPE,CREATED_BY,9,VARCHAR,"VARCHAR(64,0)",YES,,64,64,0,,,,T,T,5,,NO,NO,,
EDW_MART,DIM_TRANSACTION_TYPE,UPDATED_BY,10,VARCHAR,"VARCHAR(64,0)",YES,,64,64,0,,,,T,T,5,,NO,NO,,
EDW_MART,DIM_TRANSACTION_TYPE,DATA_SOURCE,13,VARCHAR,"VARCHAR(64,0)",YES,,64,64,0,,,,T,T,5,,NO,NO,,
EDW_MART,DIM_TRANSACTION_TYPE,BUSINESS_COLUMN,16,VARCHAR,"VARCHAR(64,0)",YES,,64,64,0,,,,T,T,5,,NO,NO,,
EDW_MART,DIM_TRANSACTION_TYPE,SK_TRANSACTION_TYPE_KEY,1,BIGINT,"BIGINT(8,0)",NO,,8,8,0,PRI,,,T,T,5,,YES,NO,,
EDW_MART,FACT_ACCOUNT_BALANCE,SK_ACCOUNT_BALANCE_KEY,1,BIGINT,"BIGINT(8,0)",NO,,8,8,0,,,,T,T,7512,,NO,NO,,
EDW_MART,FACT_ACCOUNT_BALANCE,SK_ACCOUNT_KEY,2,BIGINT,"BIGINT(8,0)",NO,,8,8,0,,,,T,T,7512,,NO,NO,,
EDW_MART,FACT_ACCOUNT_BALANCE,SK_AS_OF_DATE_KEY,3,BIGINT,"BIGINT(8,0)",NO,,8,8,0,,,,T,T,7512,,NO,NO,,
EDW_MART,FACT_ACCOUNT_BALANCE,SK_ACCOUNT_BALANCE_TYPE_KEY,4,BIGINT,"BIGINT(8,0)",NO,,8,8,0,,,,T,T,7512,,NO,NO,,
EDW_MART,FACT_ACCOUNT_BALANCE,SK_CURRENCY_KEY,5,BIGINT,"BIGINT(8,0)",NO,,8,8,0,,,,T,T,7512,,NO,NO,,
EDW_MART,FACT_ACCOUNT_BALANCE,AS_OF_DATE,15,DATE,"DATE(4,0)",YES,,4,4,0,,,,T,T,7512,,NO,NO,,
EDW_MART,FACT_ACCOUNT_BALANCE,AVAILABLE_BALANCE,6,DECIMAL,"DECIMAL(18,2)",YES,,18,18,2,,,,T,T,7512,,NO,NO,,
EDW_MART,FACT_ACCOUNT_BALANCE,CREATE_DATE_TIME,9,TIMESTAMP,"TIMESTAMP(10,6)",YES,,10,10,6,,,,T,T,7512,,NO,NO,,
EDW_MART,FACT_ACCOUNT_BALANCE,UPDATE_DATE_TIME,10,TIMESTAMP,"TIMESTAMP(10,6)",YES,,10,10,6,,,,T,T,7512,,NO,NO,,
EDW_MART,FACT_ACCOUNT_BALANCE,CREATED_BY,7,VARCHAR,"VARCHAR(64,0)",YES,,64,64,0,,,,T,T,7512,,NO,NO,,
EDW_MART,FACT_ACCOUNT_BALANCE,UPDATED_BY,8,VARCHAR,"VARCHAR(64,0)",YES,,64,64,0,,,,T,T,7512,,NO,NO,,
EDW_MART,FACT_ACCOUNT_BALANCE,DATA_SOURCE,11,VARCHAR,"VARCHAR(64,0)",YES,,64,64,0,,,,T,T,7512,,NO,NO,,
EDW_MART,FACT_ACCOUNT_BALANCE,CREATE_BATCH_ID,12,VARCHAR,"VARCHAR(64,0)",YES,,64,64,0,,,,T,T,7512,,NO,NO,,
EDW_MART,FACT_ACCOUNT_BALANCE,UPDATE_BATCH_ID,13,VARCHAR,"VARCHAR(64,0)",YES,,64,64,0,,,,T,T,7512,,NO,NO,,
EDW_MART,FACT_ACCOUNT_BALANCE,BUSINESS_COLUMN,14,VARCHAR,"VARCHAR(64,0)",YES,,64,64,0,,,,T,T,7512,,NO,NO,,
EDW_MART,FACT_ACCOUNT_LIMIT,SK_ACCOUNT_KEY,2,BIGINT,"BIGINT(8,0)",NO,-1,8,8,0,,,,T,T,9990,,NO,NO,,
EDW_MART,FACT_ACCOUNT_LIMIT,SK_ACCOUNT_LIMIT_TYPE_KEY,3,BIGINT,"BIGINT(8,0)",NO,-1,8,8,0,,,,T,T,9990,,NO,NO,,
EDW_MART,FACT_ACCOUNT_LIMIT,SK_EFFECTIVE_FROM_DATE_KEY,4,BIGINT,"BIGINT(8,0)",NO,-1,8,8,0,,,,T,T,9990,,NO,NO,,
EDW_MART,FACT_ACCOUNT_LIMIT,SK_EFFECTIVE_TO_DATE_KEY,5,BIGINT,"BIGINT(8,0)",NO,-1,8,8,0,,,,T,T,9990,,NO,NO,,
EDW_MART,FACT_ACCOUNT_LIMIT,LIMIT_AMOUNT,6,DECIMAL,"DECIMAL(18,2)",NO,-1,18,18,2,,,,T,T,9990,,NO,NO,,
EDW_MART,FACT_ACCOUNT_LIMIT,SK_ACCOUNT_LIMIT_KEY,1,BIGINT,"BIGINT(8,0)",NO,,8,8,0,,,,T,T,9990,,NO,NO,,
EDW_MART,FACT_ACCOUNT_LIMIT,EFFECTIVE_FROM,9,DATE,"DATE(4,0)",YES,,4,4,0,,,,T,T,9990,,NO,NO,,
EDW_MART,FACT_ACCOUNT_LIMIT,EFFECTIVE_TO,10,DATE,"DATE(4,0)",YES,,4,4,0,,,,T,T,9990,,NO,NO,,
EDW_MART,FACT_ACCOUNT_LIMIT,UTILIZED_AMOUNT,7,DECIMAL,"DECIMAL(18,2)",YES,,18,18,2,,,,T,T,9990,,NO,NO,,
EDW_MART,FACT_ACCOUNT_LIMIT,REMAINING_AMOUNT,8,DECIMAL,"DECIMAL(18,2)",YES,,18,18,2,,,,T,T,9990,,NO,NO,,
EDW_MART,FACT_ACCOUNT_LIMIT,CREATE_DATE_TIME,13,TIMESTAMP,"TIMESTAMP(10,6)",YES,,10,10,6,,,,T,T,9990,,NO,NO,,
EDW_MART,FACT_ACCOUNT_LIMIT,UPDATE_DATE_TIME,14,TIMESTAMP,"TIMESTAMP(10,6)",YES,,10,10,6,,,,T,T,9990,,NO,NO,,
EDW_MART,FACT_ACCOUNT_LIMIT,CREATED_BY,11,VARCHAR,"VARCHAR(64,0)",YES,,64,64,0,,,,T,T,9990,,NO,NO,,
EDW_MART,FACT_ACCOUNT_LIMIT,UPDATED_BY,12,VARCHAR,"VARCHAR(64,0)",YES,,64,64,0,,,,T,T,9990,,NO,NO,,
EDW_MART,FACT_ACCOUNT_LIMIT,DATA_SOURCE,15,VARCHAR,"VARCHAR(64,0)",YES,,64,64,0,,,,T,T,9990,,NO,NO,,
EDW_MART,FACT_ACCOUNT_LIMIT,CREATE_BATCH_ID,16,VARCHAR,"VARCHAR(64,0)",YES,,64,64,0,,,,T,T,9990,,NO,NO,,
EDW_MART,FACT_ACCOUNT_LIMIT,UPDATE_BATCH_ID,17,VARCHAR,"VARCHAR(64,0)",YES,,64,64,0,,,,T,T,9990,,NO,NO,,
EDW_MART,FACT_ACCOUNT_LIMIT,BUSINESS_COLUMN,18,VARCHAR,"VARCHAR(64,0)",YES,,64,64,0,,,,T,T,9990,,NO,NO,,
EDW_MART,FACT_TRANSACTION,IS_REVERSAL,15,CHARACTER,"CHARACTER(1,0)",YES,'N',1,1,0,,,,T,T,-1,,NO,NO,,
EDW_MART,FACT_TRANSACTION,SK_CUSTOMER_KEY,2,BIGINT,"BIGINT(8,0)",NO,-1,8,8,0,,,,T,T,-1,,NO,NO,,
EDW_MART,FACT_TRANSACTION,SK_ACCOUNT_KEY,3,BIGINT,"BIGINT(8,0)",NO,-1,8,8,0,,,,T,T,-1,,NO,NO,,
EDW_MART,FACT_TRANSACTION,SK_TRANSACTION_TYPE_KEY,4,BIGINT,"BIGINT(8,0)",NO,-1,8,8,0,,,,T,T,-1,,NO,NO,,
EDW_MART,FACT_TRANSACTION,SK_TRANSACTION_CHANNEL_KEY,5,BIGINT,"BIGINT(8,0)",NO,-1,8,8,0,,,,T,T,-1,,NO,NO,,
EDW_MART,FACT_TRANSACTION,SK_TRANSACTION_STATUS_KEY,6,BIGINT,"BIGINT(8,0)",NO,-1,8,8,0,,,,T,T,-1,,NO,NO,,
EDW_MART,FACT_TRANSACTION,SK_TRANSACTION_DATE_KEY,7,BIGINT,"BIGINT(8,0)",NO,-1,8,8,0,,,,T,T,-1,,NO,NO,,
EDW_MART,FACT_TRANSACTION,SK_VALUE_DATE_KEY,8,BIGINT,"BIGINT(8,0)",NO,-1,8,8,0,,,,T,T,-1,,NO,NO,,
EDW_MART,FACT_TRANSACTION,TRANSACTION_ID,9,BIGINT,"BIGINT(8,0)",NO,-1,8,8,0,,,,T,T,-1,,NO,NO,,
EDW_MART,FACT_TRANSACTION,TRANSACTION_AMOUNT,13,DECIMAL,"DECIMAL(18,4)",NO,-1,18,18,4,,,,T,T,-1,,NO,NO,,
EDW_MART,FACT_TRANSACTION,TRANSACTION_REFERENCE,10,VARCHAR,"VARCHAR(64,0)",NO,-1,64,64,0,,,,T,T,-1,,NO,NO,,
EDW_MART,FACT_TRANSACTION,TRANSACTION_DATE,11,DATE,"DATE(4,0)",NO,,4,4,0,,,,T,T,-1,,NO,NO,,
EDW_MART,FACT_TRANSACTION,VALUE_DATE,12,DATE,"DATE(4,0)",NO,,4,4,0,,,,T,T,-1,,NO,NO,,
EDW_MART,FACT_TRANSACTION,ORIGINAL_TRANSACTION_LINE_ID,16,BIGINT,"BIGINT(8,0)",YES,,8,8,0,,,,T,T,-1,,NO,NO,,
EDW_MART,FACT_TRANSACTION,CREATE_DATE_TIME,19,TIMESTAMP,"TIMESTAMP(10,6)",YES,,10,10,6,,,,T,T,-1,,NO,NO,,
EDW_MART,FACT_TRANSACTION,UPDATE_DATE_TIME,20,TIMESTAMP,"TIMESTAMP(10,6)",YES,,10,10,6,,,,T,T,-1,,NO,NO,,
EDW_MART,FACT_TRANSACTION,TRANSACTION_REMARKS,14,VARCHAR,"VARCHAR(255,0)",YES,,255,255,0,,,,T,T,-1,,NO,NO,,
EDW_MART,FACT_TRANSACTION,CREATED_BY,17,VARCHAR,"VARCHAR(64,0)",YES,,64,64,0,,,,T,T,-1,,NO,NO,,
EDW_MART,FACT_TRANSACTION,UPDATED_BY,18,VARCHAR,"VARCHAR(64,0)",YES,,64,64,0,,,,T,T,-1,,NO,NO,,
EDW_MART,FACT_TRANSACTION,DATA_SOURCE,21,VARCHAR,"VARCHAR(64,0)",YES,,64,64,0,,,,T,T,-1,,NO,NO,,
EDW_MART,FACT_TRANSACTION,CREATE_BATCH_ID,22,VARCHAR,"VARCHAR(64,0)",YES,,64,64,0,,,,T,T,-1,,NO,NO,,
EDW_MART,FACT_TRANSACTION,UPDATE_BATCH_ID,23,VARCHAR,"VARCHAR(64,0)",YES,,64,64,0,,,,T,T,-1,,NO,NO,,
EDW_MART,FACT_TRANSACTION,BUSINESS_COLUMN,24,VARCHAR,"VARCHAR(64,0)",YES,,64,64,0,,,,T,T,-1,,NO,NO,,
EDW_MART,FACT_TRANSACTION,SK_TRANSACTION_KEY,1,BIGINT,"BIGINT(8,0)",NO,,8,8,0,PRI,,,T,T,-1,,YES,NO,,
EDW_STAGE,ACCOUNT,STG_CREATED_BY,14,VARCHAR,"VARCHAR(64,0)",NO,'Data Import',64,64,0,,,,T,T,5000,,NO,NO,,
EDW_STAGE,ACCOUNT,STG_UPDATED_BY,16,VARCHAR,"VARCHAR(64,0)",YES,'Data Import',64,64,0,,,,T,T,5000,,NO,NO,,
EDW_STAGE,ACCOUNT,CREATED_AT,11,TIMESTAMP,"TIMESTAMP(10,6)",NO,CURRENT TIMESTAMP,10,10,6,,,,T,T,5000,,NO,NO,,
EDW_STAGE,ACCOUNT,STG_CREATED_AT,15,TIMESTAMP,"TIMESTAMP(10,6)",NO,CURRENT TIMESTAMP,10,10,6,,,,T,T,5000,,NO,NO,,
EDW_STAGE,ACCOUNT,STG_UPDATED_AT,17,TIMESTAMP,"TIMESTAMP(10,6)",YES,CURRENT TIMESTAMP,10,10,6,,,,T,T,5000,,NO,NO,,
EDW_STAGE,ACCOUNT,CUSTOMER_ID,2,BIGINT,"BIGINT(8,0)",NO,,8,8,0,,,,T,T,5000,,NO,NO,,
EDW_STAGE,ACCOUNT,PRODUCT_ID,3,BIGINT,"BIGINT(8,0)",NO,,8,8,0,,,,T,T,5000,,NO,NO,,
EDW_STAGE,ACCOUNT,ACCOUNT_TYPE_ID,5,BIGINT,"BIGINT(8,0)",NO,,8,8,0,,,,T,T,5000,,NO,NO,,
EDW_STAGE,ACCOUNT,STATUS_ID,7,BIGINT,"BIGINT(8,0)",NO,,8,8,0,,,,T,T,5000,,NO,NO,,
EDW_STAGE,ACCOUNT,CURRENCY_CODE,6,CHARACTER,"CHARACTER(3,0)",NO,,3,3,0,,,,T,T,5000,,NO,NO,,
EDW_STAGE,ACCOUNT,OPEN_DATE,8,DATE,"DATE(4,0)",NO,,4,4,0,,,,T,T,5000,,NO,NO,,
EDW_STAGE,ACCOUNT,ACCOUNT_NUMBER,4,VARCHAR,"VARCHAR(32,0)",NO,,32,32,0,,,,T,T,5000,,NO,NO,,
EDW_STAGE,ACCOUNT,CREATED_BY,10,VARCHAR,"VARCHAR(64,0)",NO,,64,64,0,,,,T,T,5000,,NO,NO,,
EDW_STAGE,ACCOUNT,CLOSE_DATE,9,DATE,"DATE(4,0)",YES,,4,4,0,,,,T,T,5000,,NO,NO,,
EDW_STAGE,ACCOUNT,UPDATED_AT,13,TIMESTAMP,"TIMESTAMP(10,6)",YES,,10,10,6,,,,T,T,5000,,NO,NO,,
EDW_STAGE,ACCOUNT,UPDATED_BY,12,VARCHAR,"VARCHAR(64,0)",YES,,64,64,0,,,,T,T,5000,,NO,NO,,
EDW_STAGE,ACCOUNT,ACCOUNT_ID,1,BIGINT,"BIGINT(8,0)",NO,,8,8,0,PRI,,,T,T,5000,,YES,NO,,
EDW_STAGE,ACCOUNT_BALANCE,STG_CREATED_BY,9,VARCHAR,"VARCHAR(64,0)",NO,'Data Import',64,64,0,,,,T,T,7512,,NO,NO,,
EDW_STAGE,ACCOUNT_BALANCE,STG_UPDATED_BY,11,VARCHAR,"VARCHAR(64,0)",YES,'Data Import',64,64,0,,,,T,T,7512,,NO,NO,,
EDW_STAGE,ACCOUNT_BALANCE,CREATED_AT,6,TIMESTAMP,"TIMESTAMP(10,6)",NO,CURRENT TIMESTAMP,10,10,6,,,,T,T,7512,,NO,NO,,
EDW_STAGE,ACCOUNT_BALANCE,STG_CREATED_AT,10,TIMESTAMP,"TIMESTAMP(10,6)",NO,CURRENT TIMESTAMP,10,10,6,,,,T,T,7512,,NO,NO,,
EDW_STAGE,ACCOUNT_BALANCE,STG_UPDATED_AT,12,TIMESTAMP,"TIMESTAMP(10,6)",YES,CURRENT TIMESTAMP,10,10,6,,,,T,T,7512,,NO,NO,,
EDW_STAGE,ACCOUNT_BALANCE,BALANCE_AMOUNT,3,DECIMAL,"DECIMAL(18,2)",NO,,18,18,2,,,,T,T,7512,,NO,NO,,
EDW_STAGE,ACCOUNT_BALANCE,CREATED_BY,5,VARCHAR,"VARCHAR(64,0)",NO,,64,64,0,,,,T,T,7512,,NO,NO,,
EDW_STAGE,ACCOUNT_BALANCE,UPDATED_AT,8,TIMESTAMP,"TIMESTAMP(10,6)",YES,,10,10,6,,,,T,T,7512,,NO,NO,,
EDW_STAGE,ACCOUNT_BALANCE,UPDATED_BY,7,VARCHAR,"VARCHAR(64,0)",YES,,64,64,0,,,,T,T,7512,,NO,NO,,
EDW_STAGE,ACCOUNT_BALANCE,ACCOUNT_ID,1,BIGINT,"BIGINT(8,0)",NO,,8,8,0,PRI,,,T,T,7512,,YES,NO,,
EDW_STAGE,ACCOUNT_BALANCE,ACCOUNT_BALANCE_TYPE_ID,2,BIGINT,"BIGINT(8,0)",NO,,8,8,0,PRI,,,T,T,7512,,YES,NO,,
EDW_STAGE,ACCOUNT_BALANCE,AS_OF_DATE,4,DATE,"DATE(4,0)",NO,,4,4,0,PRI,,,T,T,7512,,YES,NO,,
EDW_STAGE,ACCOUNT_BALANCE_TYPE,STATUS_CODE,5,VARCHAR,"VARCHAR(16,0)",NO,'ACTIVE',16,16,0,,,,T,T,0,,NO,NO,,
EDW_STAGE,ACCOUNT_BALANCE_TYPE,STG_CREATED_BY,10,VARCHAR,"VARCHAR(64,0)",NO,'Data Import',64,64,0,,,,T,T,0,,NO,NO,,
EDW_STAGE,ACCOUNT_BALANCE_TYPE,STG_UPDATED_BY,12,VARCHAR,"VARCHAR(64,0)",YES,'Data Import',64,64,0,,,,T,T,0,,NO,NO,,
EDW_STAGE,ACCOUNT_BALANCE_TYPE,CREATED_AT,7,TIMESTAMP,"TIMESTAMP(10,6)",NO,CURRENT TIMESTAMP,10,10,6,,,,T,T,0,,NO,NO,,
EDW_STAGE,ACCOUNT_BALANCE_TYPE,STG_CREATED_AT,11,TIMESTAMP,"TIMESTAMP(10,6)",NO,CURRENT TIMESTAMP,10,10,6,,,,T,T,0,,NO,NO,,
EDW_STAGE,ACCOUNT_BALANCE_TYPE,STG_UPDATED_AT,13,TIMESTAMP,"TIMESTAMP(10,6)",YES,CURRENT TIMESTAMP,10,10,6,,,,T,T,0,,NO,NO,,
EDW_STAGE,ACCOUNT_BALANCE_TYPE,ACCOUNT_BALANCE_TYPE_CODE,2,VARCHAR,"VARCHAR(32,0)",NO,,32,32,0,,,,T,T,0,,NO,NO,,
EDW_STAGE,ACCOUNT_BALANCE_TYPE,ACCOUNT_BALANCE_TYPE_NAME,3,VARCHAR,"VARCHAR(64,0)",NO,,64,64,0,,,,T,T,0,,NO,NO,,
EDW_STAGE,ACCOUNT_BALANCE_TYPE,CREATED_BY,6,VARCHAR,"VARCHAR(64,0)",NO,,64,64,0,,,,T,T,0,,NO,NO,,
EDW_STAGE,ACCOUNT_BALANCE_TYPE,ACCOUNT_BLANCE_DESCRIPTION,4,CLOB,"CLOB(1048576,0)",YES,,1048576,1048576,0,,,,T,T,0,,NO,NO,,
EDW_STAGE,ACCOUNT_BALANCE_TYPE,UPDATED_AT,9,TIMESTAMP,"TIMESTAMP(10,6)",YES,,10,10,6,,,,T,T,0,,NO,NO,,
EDW_STAGE,ACCOUNT_BALANCE_TYPE,UPDATED_BY,8,VARCHAR,"VARCHAR(64,0)",YES,,64,64,0,,,,T,T,0,,NO,NO,,
EDW_STAGE,ACCOUNT_BALANCE_TYPE,ACCOUNT_BALANCE_TYPE_ID,1,BIGINT,"BIGINT(8,0)",NO,,8,8,0,PRI,,,T,T,0,,YES,NO,,
EDW_STAGE,ACCOUNT_FEE,STG_CREATED_BY,14,VARCHAR,"VARCHAR(64,0)",NO,'Data Import',64,64,0,,,,T,T,3468,,NO,NO,,
EDW_STAGE,ACCOUNT_FEE,STG_UPDATED_BY,16,VARCHAR,"VARCHAR(64,0)",YES,'Data Import',64,64,0,,,,T,T,3468,,NO,NO,,
EDW_STAGE,ACCOUNT_FEE,CREATED_AT,11,TIMESTAMP,"TIMESTAMP(10,6)",NO,CURRENT TIMESTAMP,10,10,6,,,,T,T,3468,,NO,NO,,
EDW_STAGE,ACCOUNT_FEE,STG_CREATED_AT,15,TIMESTAMP,"TIMESTAMP(10,6)",NO,CURRENT TIMESTAMP,10,10,6,,,,T,T,3468,,NO,NO,,
EDW_STAGE,ACCOUNT_FEE,STG_UPDATED_AT,17,TIMESTAMP,"TIMESTAMP(10,6)",YES,CURRENT TIMESTAMP,10,10,6,,,,T,T,3468,,NO,NO,,
EDW_STAGE,ACCOUNT_FEE,ACCOUNT_ID,2,BIGINT,"BIGINT(8,0)",NO,,8,8,0,,,,T,T,3468,,NO,NO,,
EDW_STAGE,ACCOUNT_FEE,ACCOUNT_FEE_CODE_ID,3,BIGINT,"BIGINT(8,0)",NO,,8,8,0,,,,T,T,3468,,NO,NO,,
EDW_STAGE,ACCOUNT_FEE,EFFECTIVE_FROM,7,DATE,"DATE(4,0)",NO,,4,4,0,,,,T,T,3468,,NO,NO,,
EDW_STAGE,ACCOUNT_FEE,FEE_AMOUNT,4,DECIMAL,"DECIMAL(18,4)",NO,,18,18,4,,,,T,T,3468,,NO,NO,,
EDW_STAGE,ACCOUNT_FEE,CURRENCY_CODE,5,VARCHAR,"VARCHAR(3,0)",NO,,3,3,0,,,,T,T,3468,,NO,NO,,
EDW_STAGE,ACCOUNT_FEE,CREATED_BY,10,VARCHAR,"VARCHAR(64,0)",NO,,64,64,0,,,,T,T,3468,,NO,NO,,
EDW_STAGE,ACCOUNT_FEE,EFFECTIVE_TO,8,DATE,"DATE(4,0)",YES,,4,4,0,,,,T,T,3468,,NO,NO,,
EDW_STAGE,ACCOUNT_FEE,UPDATED_AT,13,TIMESTAMP,"TIMESTAMP(10,6)",YES,,10,10,6,,,,T,T,3468,,NO,NO,,
EDW_STAGE,ACCOUNT_FEE,FREQUENCY,6,VARCHAR,"VARCHAR(20,0)",YES,,20,20,0,,,,T,T,3468,,NO,NO,,
EDW_STAGE,ACCOUNT_FEE,FEE_STATUS,9,VARCHAR,"VARCHAR(20,0)",YES,,20,20,0,,,,T,T,3468,,NO,NO,,
EDW_STAGE,ACCOUNT_FEE,UPDATED_BY,12,VARCHAR,"VARCHAR(64,0)",YES,,64,64,0,,,,T,T,3468,,NO,NO,,
EDW_STAGE,ACCOUNT_FEE,ACCOUNT_FEE_ID,1,BIGINT,"BIGINT(8,0)",NO,,8,8,0,PRI,,,T,T,3468,,YES,NO,,
EDW_STAGE,ACCOUNT_FEE_CATEGORY,STG_CREATED_BY,9,VARCHAR,"VARCHAR(64,0)",NO,'Data Import',64,64,0,,,,T,T,2,,NO,NO,,
EDW_STAGE,ACCOUNT_FEE_CATEGORY,STG_UPDATED_BY,11,VARCHAR,"VARCHAR(64,0)",YES,'Data Import',64,64,0,,,,T,T,2,,NO,NO,,
EDW_STAGE,ACCOUNT_FEE_CATEGORY,CREATED_AT,6,TIMESTAMP,"TIMESTAMP(10,6)",NO,CURRENT TIMESTAMP,10,10,6,,,,T,T,2,,NO,NO,,
EDW_STAGE,ACCOUNT_FEE_CATEGORY,STG_CREATED_AT,10,TIMESTAMP,"TIMESTAMP(10,6)",NO,CURRENT TIMESTAMP,10,10,6,,,,T,T,2,,NO,NO,,
EDW_STAGE,ACCOUNT_FEE_CATEGORY,STG_UPDATED_AT,12,TIMESTAMP,"TIMESTAMP(10,6)",YES,CURRENT TIMESTAMP,10,10,6,,,,T,T,2,,NO,NO,,
EDW_STAGE,ACCOUNT_FEE_CATEGORY,ACCOUNT_FEE_CATEGORY_CODE,2,VARCHAR,"VARCHAR(32,0)",NO,,32,32,0,,,,T,T,2,,NO,NO,,
EDW_STAGE,ACCOUNT_FEE_CATEGORY,ACCOUNT_FEE_CATEGORY_NAME,3,VARCHAR,"VARCHAR(64,0)",NO,,64,64,0,,,,T,T,2,,NO,NO,,
EDW_STAGE,ACCOUNT_FEE_CATEGORY,CREATED_BY,5,VARCHAR,"VARCHAR(64,0)",NO,,64,64,0,,,,T,T,2,,NO,NO,,
EDW_STAGE,ACCOUNT_FEE_CATEGORY,UPDATED_AT,8,TIMESTAMP,"TIMESTAMP(10,6)",YES,,10,10,6,,,,T,T,2,,NO,NO,,
EDW_STAGE,ACCOUNT_FEE_CATEGORY,ACCOUNT_FEE_CATEGORY_DESCRIPTION,4,VARCHAR,"VARCHAR(255,0)",YES,,255,255,0,,,,T,T,2,,NO,NO,,
EDW_STAGE,ACCOUNT_FEE_CATEGORY,UPDATED_BY,7,VARCHAR,"VARCHAR(64,0)",YES,,64,64,0,,,,T,T,2,,NO,NO,,
EDW_STAGE,ACCOUNT_FEE_CATEGORY,ACCOUNT_FEE_CATEGORY_ID,1,BIGINT,"BIGINT(8,0)",NO,,8,8,0,PRI,,,T,T,2,,YES,NO,,
EDW_STAGE,ACCOUNT_FEE_CODE,FEE_CODE_STATUS,10,VARCHAR,"VARCHAR(16,0)",YES,'ACTIVE',16,16,0,,,,T,T,0,,NO,NO,,
EDW_STAGE,ACCOUNT_FEE_CODE,STG_CREATED_BY,15,VARCHAR,"VARCHAR(64,0)",NO,'Data Import',64,64,0,,,,T,T,0,,NO,NO,,
EDW_STAGE,ACCOUNT_FEE_CODE,STG_UPDATED_BY,17,VARCHAR,"VARCHAR(64,0)",YES,'Data Import',64,64,0,,,,T,T,0,,NO,NO,,
EDW_STAGE,ACCOUNT_FEE_CODE,IS_TAXABLE,6,SMALLINT,"SMALLINT(2,0)",YES,0,2,2,0,,,,T,T,0,,NO,NO,,
EDW_STAGE,ACCOUNT_FEE_CODE,IS_REFUNDABLE,7,SMALLINT,"SMALLINT(2,0)",YES,0,2,2,0,,,,T,T,0,,NO,NO,,
EDW_STAGE,ACCOUNT_FEE_CODE,CREATED_AT,12,TIMESTAMP,"TIMESTAMP(10,6)",NO,CURRENT TIMESTAMP,10,10,6,,,,T,T,0,,NO,NO,,
EDW_STAGE,ACCOUNT_FEE_CODE,STG_CREATED_AT,16,TIMESTAMP,"TIMESTAMP(10,6)",NO,CURRENT TIMESTAMP,10,10,6,,,,T,T,0,,NO,NO,,
EDW_STAGE,ACCOUNT_FEE_CODE,STG_UPDATED_AT,18,TIMESTAMP,"TIMESTAMP(10,6)",YES,CURRENT TIMESTAMP,10,10,6,,,,T,T,0,,NO,NO,,
EDW_STAGE,ACCOUNT_FEE_CODE,EFFECTIVE_FROM,8,DATE,"DATE(4,0)",NO,,4,4,0,,,,T,T,0,,NO,NO,,
EDW_STAGE,ACCOUNT_FEE_CODE,ACCOUNT_FEE_CODE,2,VARCHAR,"VARCHAR(32,0)",NO,,32,32,0,,,,T,T,0,,NO,NO,,
EDW_STAGE,ACCOUNT_FEE_CODE,ACCOUNT_FEE_NAME,3,VARCHAR,"VARCHAR(64,0)",NO,,64,64,0,,,,T,T,0,,NO,NO,,
EDW_STAGE,ACCOUNT_FEE_CODE,CREATED_BY,11,VARCHAR,"VARCHAR(64,0)",NO,,64,64,0,,,,T,T,0,,NO,NO,,
EDW_STAGE,ACCOUNT_FEE_CODE,ACCOUNT_FEE_CATEGORY_ID,5,BIGINT,"BIGINT(8,0)",YES,,8,8,0,,,,T,T,0,,NO,NO,,
EDW_STAGE,ACCOUNT_FEE_CODE,EFFECTIVE_TO,9,DATE,"DATE(4,0)",YES,,4,4,0,,,,T,T,0,,NO,NO,,
EDW_STAGE,ACCOUNT_FEE_CODE,UPDATED_AT,14,TIMESTAMP,"TIMESTAMP(10,6)",YES,,10,10,6,,,,T,T,0,,NO,NO,,
EDW_STAGE,ACCOUNT_FEE_CODE,ACCOUNT_FEE_DESCRIPTION,4,VARCHAR,"VARCHAR(256,0)",YES,,256,256,0,,,,T,T,0,,NO,NO,,
EDW_STAGE,ACCOUNT_FEE_CODE,UPDATED_BY,13,VARCHAR,"VARCHAR(64,0)",YES,,64,64,0,,,,T,T,0,,NO,NO,,
EDW_STAGE,ACCOUNT_FEE_CODE,ACCOUNT_FEE_CODE_ID,1,BIGINT,"BIGINT(8,0)",NO,,8,8,0,PRI,,,T,T,0,,YES,NO,,
EDW_STAGE,ACCOUNT_HOLDER,STG_CREATED_BY,9,VARCHAR,"VARCHAR(64,0)",NO,'Data Import',64,64,0,,,,T,T,5000,,NO,NO,,
EDW_STAGE,ACCOUNT_HOLDER,STG_UPDATED_BY,11,VARCHAR,"VARCHAR(64,0)",YES,'Data Import',64,64,0,,,,T,T,5000,,NO,NO,,
EDW_STAGE,ACCOUNT_HOLDER,HOLDING_PERCENTAGE,4,DECIMAL,"DECIMAL(5,2)",YES,100.00,5,5,2,,,,T,T,5000,,NO,NO,,
EDW_STAGE,ACCOUNT_HOLDER,CREATED_AT,6,TIMESTAMP,"TIMESTAMP(10,6)",NO,CURRENT TIMESTAMP,10,10,6,,,,T,T,5000,,NO,NO,,
EDW_STAGE,ACCOUNT_HOLDER,STG_CREATED_AT,10,TIMESTAMP,"TIMESTAMP(10,6)",NO,CURRENT TIMESTAMP,10,10,6,,,,T,T,5000,,NO,NO,,
EDW_STAGE,ACCOUNT_HOLDER,STG_UPDATED_AT,12,TIMESTAMP,"TIMESTAMP(10,6)",YES,CURRENT TIMESTAMP,10,10,6,,,,T,T,5000,,NO,NO,,
EDW_STAGE,ACCOUNT_HOLDER,ACCOUNT_ROLE_ID,3,BIGINT,"BIGINT(8,0)",NO,,8,8,0,,,,T,T,5000,,NO,NO,,
EDW_STAGE,ACCOUNT_HOLDER,CREATED_BY,5,VARCHAR,"VARCHAR(64,0)",NO,,64,64,0,,,,T,T,5000,,NO,NO,,
EDW_STAGE,ACCOUNT_HOLDER,UPDATED_AT,8,TIMESTAMP,"TIMESTAMP(10,6)",YES,,10,10,6,,,,T,T,5000,,NO,NO,,
EDW_STAGE,ACCOUNT_HOLDER,UPDATED_BY,7,VARCHAR,"VARCHAR(64,0)",YES,,64,64,0,,,,T,T,5000,,NO,NO,,
EDW_STAGE,ACCOUNT_HOLDER,ACCOUNT_ID,1,BIGINT,"BIGINT(8,0)",NO,,8,8,0,PRI,,,T,T,5000,,YES,NO,,
EDW_STAGE,ACCOUNT_HOLDER,CUSTOMER_ID,2,BIGINT,"BIGINT(8,0)",NO,,8,8,0,PRI,,,T,T,5000,,YES,NO,,
EDW_STAGE,ACCOUNT_LIMIT,STG_CREATED_BY,10,VARCHAR,"VARCHAR(64,0)",NO,'Data Import',64,64,0,,,,T,T,3880,,NO,NO,,
EDW_STAGE,ACCOUNT_LIMIT,STG_UPDATED_BY,12,VARCHAR,"VARCHAR(64,0)",YES,'Data Import',64,64,0,,,,T,T,3880,,NO,NO,,
EDW_STAGE,ACCOUNT_LIMIT,CREATED_AT,7,TIMESTAMP,"TIMESTAMP(10,6)",NO,CURRENT TIMESTAMP,10,10,6,,,,T,T,3880,,NO,NO,,
EDW_STAGE,ACCOUNT_LIMIT,STG_CREATED_AT,11,TIMESTAMP,"TIMESTAMP(10,6)",NO,CURRENT TIMESTAMP,10,10,6,,,,T,T,3880,,NO,NO,,
EDW_STAGE,ACCOUNT_LIMIT,STG_UPDATED_AT,13,TIMESTAMP,"TIMESTAMP(10,6)",YES,CURRENT TIMESTAMP,10,10,6,,,,T,T,3880,,NO,NO,,
EDW_STAGE,ACCOUNT_LIMIT,LIMIT_AMOUNT,3,DECIMAL,"DECIMAL(18,2)",NO,,18,18,2,,,,T,T,3880,,NO,NO,,
EDW_STAGE,ACCOUNT_LIMIT,CREATED_BY,6,VARCHAR,"VARCHAR(64,0)",NO,,64,64,0,,,,T,T,3880,,NO,NO,,
EDW_STAGE,ACCOUNT_LIMIT,EFFECTIVE_TO,5,DATE,"DATE(4,0)",YES,,4,4,0,,,,T,T,3880,,NO,NO,,
EDW_STAGE,ACCOUNT_LIMIT,UPDATED_AT,9,TIMESTAMP,"TIMESTAMP(10,6)",YES,,10,10,6,,,,T,T,3880,,NO,NO,,
EDW_STAGE,ACCOUNT_LIMIT,UPDATED_BY,8,VARCHAR,"VARCHAR(64,0)",YES,,64,64,0,,,,T,T,3880,,NO,NO,,
EDW_STAGE,ACCOUNT_LIMIT,ACCOUNT_ID,1,BIGINT,"BIGINT(8,0)",NO,,8,8,0,PRI,,,T,T,3880,,YES,NO,,
EDW_STAGE,ACCOUNT_LIMIT,ACCOUNT_LIMIT_TYPE_ID,2,BIGINT,"BIGINT(8,0)",NO,,8,8,0,PRI,,,T,T,3880,,YES,NO,,
EDW_STAGE,ACCOUNT_LIMIT,EFFECTIVE_FROM,4,DATE,"DATE(4,0)",NO,,4,4,0,PRI,,,T,T,3880,,YES,NO,,
EDW_STAGE,ACCOUNT_LIMIT_TYPE,STG_CREATED_BY,10,VARCHAR,"VARCHAR(64,0)",NO,'Data Import',64,64,0,,,,T,T,2,,NO,NO,,
EDW_STAGE,ACCOUNT_LIMIT_TYPE,STG_UPDATED_BY,12,VARCHAR,"VARCHAR(64,0)",YES,'Data Import',64,64,0,,,,T,T,2,,NO,NO,,
EDW_STAGE,ACCOUNT_LIMIT_TYPE,CREATED_AT,7,TIMESTAMP,"TIMESTAMP(10,6)",NO,CURRENT TIMESTAMP,10,10,6,,,,T,T,2,,NO,NO,,
EDW_STAGE,ACCOUNT_LIMIT_TYPE,STG_CREATED_AT,11,TIMESTAMP,"TIMESTAMP(10,6)",NO,CURRENT TIMESTAMP,10,10,6,,,,T,T,2,,NO,NO,,
EDW_STAGE,ACCOUNT_LIMIT_TYPE,STG_UPDATED_AT,13,TIMESTAMP,"TIMESTAMP(10,6)",YES,CURRENT TIMESTAMP,10,10,6,,,,T,T,2,,NO,NO,,
EDW_STAGE,ACCOUNT_LIMIT_TYPE,ACCOUNT_LIMIT_TYPE_CODE,2,VARCHAR,"VARCHAR(32,0)",NO,,32,32,0,,,,T,T,2,,NO,NO,,
EDW_STAGE,ACCOUNT_LIMIT_TYPE,ACCOUNT_LIMIT_TYPE_NAME,3,VARCHAR,"VARCHAR(64,0)",NO,,64,64,0,,,,T,T,2,,NO,NO,,
EDW_STAGE,ACCOUNT_LIMIT_TYPE,CREATED_BY,6,VARCHAR,"VARCHAR(64,0)",NO,,64,64,0,,,,T,T,2,,NO,NO,,
EDW_STAGE,ACCOUNT_LIMIT_TYPE,UPDATED_AT,9,TIMESTAMP,"TIMESTAMP(10,6)",YES,,10,10,6,,,,T,T,2,,NO,NO,,
EDW_STAGE,ACCOUNT_LIMIT_TYPE,ACCOUNT_LIMIT_DESCRIPTION,4,VARCHAR,"VARCHAR(256,0)",YES,,256,256,0,,,,T,T,2,,NO,NO,,
EDW_STAGE,ACCOUNT_LIMIT_TYPE,UNIT_OF_MEASURE,5,VARCHAR,"VARCHAR(32,0)",YES,,32,32,0,,,,T,T,2,,NO,NO,,
EDW_STAGE,ACCOUNT_LIMIT_TYPE,UPDATED_BY,8,VARCHAR,"VARCHAR(64,0)",YES,,64,64,0,,,,T,T,2,,NO,NO,,
EDW_STAGE,ACCOUNT_LIMIT_TYPE,ACCOUNT_LIMIT_TYPE_ID,1,BIGINT,"BIGINT(8,0)",NO,,8,8,0,PRI,,,T,T,2,,YES,NO,,
EDW_STAGE,ACCOUNT_ROLE_TYPE,STG_CREATED_BY,10,VARCHAR,"VARCHAR(64,0)",NO,'Data Import',64,64,0,,,,T,T,2,,NO,NO,,
EDW_STAGE,ACCOUNT_ROLE_TYPE,STG_UPDATED_BY,12,VARCHAR,"VARCHAR(64,0)",YES,'Data Import',64,64,0,,,,T,T,2,,NO,NO,,
EDW_STAGE,ACCOUNT_ROLE_TYPE,IS_ACTIVE,5,SMALLINT,"SMALLINT(2,0)",NO,1,2,2,0,,,,T,T,2,,NO,NO,,
EDW_STAGE,ACCOUNT_ROLE_TYPE,CREATED_AT,7,TIMESTAMP,"TIMESTAMP(10,6)",NO,CURRENT TIMESTAMP,10,10,6,,,,T,T,2,,NO,NO,,
EDW_STAGE,ACCOUNT_ROLE_TYPE,STG_CREATED_AT,11,TIMESTAMP,"TIMESTAMP(10,6)",NO,CURRENT TIMESTAMP,10,10,6,,,,T,T,2,,NO,NO,,
EDW_STAGE,ACCOUNT_ROLE_TYPE,STG_UPDATED_AT,13,TIMESTAMP,"TIMESTAMP(10,6)",YES,CURRENT TIMESTAMP,10,10,6,,,,T,T,2,,NO,NO,,
EDW_STAGE,ACCOUNT_ROLE_TYPE,ACCOUNT_ROLE_CODE,2,VARCHAR,"VARCHAR(32,0)",NO,,32,32,0,,,,T,T,2,,NO,NO,,
EDW_STAGE,ACCOUNT_ROLE_TYPE,ACCOUNT_ROLE_NAME,3,VARCHAR,"VARCHAR(64,0)",NO,,64,64,0,,,,T,T,2,,NO,NO,,
EDW_STAGE,ACCOUNT_ROLE_TYPE,CREATED_BY,6,VARCHAR,"VARCHAR(64,0)",NO,,64,64,0,,,,T,T,2,,NO,NO,,
EDW_STAGE,ACCOUNT_ROLE_TYPE,UPDATED_AT,9,TIMESTAMP,"TIMESTAMP(10,6)",YES,,10,10,6,,,,T,T,2,,NO,NO,,
EDW_STAGE,ACCOUNT_ROLE_TYPE,ACCOUNT_ROLE_DESCRIPTION,4,VARCHAR,"VARCHAR(256,0)",YES,,256,256,0,,,,T,T,2,,NO,NO,,
EDW_STAGE,ACCOUNT_ROLE_TYPE,UPDATED_BY,8,VARCHAR,"VARCHAR(64,0)",YES,,64,64,0,,,,T,T,2,,NO,NO,,
EDW_STAGE,ACCOUNT_ROLE_TYPE,ACCOUNT_ROLE_ID,1,BIGINT,"BIGINT(8,0)",NO,,8,8,0,PRI,,,T,T,2,,YES,NO,,
EDW_STAGE,ACCOUNT_STATUS,STG_CREATED_BY,8,VARCHAR,"VARCHAR(64,0)",NO,'Data Import',64,64,0,,,,T,T,3,,NO,NO,,
EDW_STAGE,ACCOUNT_STATUS,STG_UPDATED_BY,10,VARCHAR,"VARCHAR(64,0)",YES,'Data Import',64,64,0,,,,T,T,3,,NO,NO,,
EDW_STAGE,ACCOUNT_STATUS,CREATED_AT,5,TIMESTAMP,"TIMESTAMP(10,6)",NO,CURRENT TIMESTAMP,10,10,6,,,,T,T,3,,NO,NO,,
EDW_STAGE,ACCOUNT_STATUS,STG_CREATED_AT,9,TIMESTAMP,"TIMESTAMP(10,6)",NO,CURRENT TIMESTAMP,10,10,6,,,,T,T,3,,NO,NO,,
EDW_STAGE,ACCOUNT_STATUS,STG_UPDATED_AT,11,TIMESTAMP,"TIMESTAMP(10,6)",YES,CURRENT TIMESTAMP,10,10,6,,,,T,T,3,,NO,NO,,
EDW_STAGE,ACCOUNT_STATUS,ACCOUNT_STATUS_CODE,2,VARCHAR,"VARCHAR(16,0)",NO,,16,16,0,,,,T,T,3,,NO,NO,,
EDW_STAGE,ACCOUNT_STATUS,ACCOUNT_STATUS_DESCRIPTION,3,VARCHAR,"VARCHAR(64,0)",NO,,64,64,0,,,,T,T,3,,NO,NO,,
EDW_STAGE,ACCOUNT_STATUS,CREATED_BY,4,VARCHAR,"VARCHAR(64,0)",NO,,64,64,0,,,,T,T,3,,NO,NO,,
EDW_STAGE,ACCOUNT_STATUS,UPDATED_AT,7,TIMESTAMP,"TIMESTAMP(10,6)",YES,,10,10,6,,,,T,T,3,,NO,NO,,
EDW_STAGE,ACCOUNT_STATUS,UPDATED_BY,6,VARCHAR,"VARCHAR(64,0)",YES,,64,64,0,,,,T,T,3,,NO,NO,,
EDW_STAGE,ACCOUNT_STATUS,ACCOUNT_STATUS_ID,1,BIGINT,"BIGINT(8,0)",NO,,8,8,0,PRI,,,T,T,3,,YES,NO,,
EDW_STAGE,ACCOUNT_TYPE,STATUS_CODE,7,VARCHAR,"VARCHAR(16,0)",NO,'ACTIVE',16,16,0,,,,T,T,3,,NO,NO,,
EDW_STAGE,ACCOUNT_TYPE,STG_CREATED_BY,12,VARCHAR,"VARCHAR(64,0)",NO,'Data Import',64,64,0,,,,T,T,3,,NO,NO,,
EDW_STAGE,ACCOUNT_TYPE,STG_UPDATED_BY,14,VARCHAR,"VARCHAR(64,0)",YES,'Data Import',64,64,0,,,,T,T,3,,NO,NO,,
EDW_STAGE,ACCOUNT_TYPE,APPLICABLE_FOR,6,VARCHAR,"VARCHAR(32,0)",YES,'INDIVIDUAL',32,32,0,,,,T,T,3,,NO,NO,,
EDW_STAGE,ACCOUNT_TYPE,IS_INTEREST_BEARING,4,SMALLINT,"SMALLINT(2,0)",YES,0,2,2,0,,,,T,T,3,,NO,NO,,
EDW_STAGE,ACCOUNT_TYPE,ALLOWS_OVERDRAFT,5,SMALLINT,"SMALLINT(2,0)",YES,0,2,2,0,,,,T,T,3,,NO,NO,,
EDW_STAGE,ACCOUNT_TYPE,CREATED_AT,9,TIMESTAMP,"TIMESTAMP(10,6)",NO,CURRENT TIMESTAMP,10,10,6,,,,T,T,3,,NO,NO,,
EDW_STAGE,ACCOUNT_TYPE,STG_CREATED_AT,13,TIMESTAMP,"TIMESTAMP(10,6)",NO,CURRENT TIMESTAMP,10,10,6,,,,T,T,3,,NO,NO,,
EDW_STAGE,ACCOUNT_TYPE,STG_UPDATED_AT,15,TIMESTAMP,"TIMESTAMP(10,6)",YES,CURRENT TIMESTAMP,10,10,6,,,,T,T,3,,NO,NO,,
EDW_STAGE,ACCOUNT_TYPE,ACCOUNT_TYPE_CODE,2,VARCHAR,"VARCHAR(32,0)",NO,,32,32,0,,,,T,T,3,,NO,NO,,
EDW_STAGE,ACCOUNT_TYPE,ACCOUNT_TYPE_NAME,3,VARCHAR,"VARCHAR(64,0)",NO,,64,64,0,,,,T,T,3,,NO,NO,,
EDW_STAGE,ACCOUNT_TYPE,CREATED_BY,8,VARCHAR,"VARCHAR(64,0)",NO,,64,64,0,,,,T,T,3,,NO,NO,,
EDW_STAGE,ACCOUNT_TYPE,UPDATED_AT,11,TIMESTAMP,"TIMESTAMP(10,6)",YES,,10,10,6,,,,T,T,3,,NO,NO,,
EDW_STAGE,ACCOUNT_TYPE,UPDATED_BY,10,VARCHAR,"VARCHAR(64,0)",YES,,64,64,0,,,,T,T,3,,NO,NO,,
EDW_STAGE,ACCOUNT_TYPE,ACCOUNT_TYPE_ID,1,BIGINT,"BIGINT(8,0)",NO,,8,8,0,PRI,,,T,T,3,,YES,NO,,
EDW_STAGE,CURRENCY,CREATED_AT,7,TIMESTAMP,"TIMESTAMP(10,6)",NO,CURRENT TIMESTAMP,10,10,6,,,,T,T,5,,NO,NO,,
EDW_STAGE,CURRENCY,UPDATED_AT,9,TIMESTAMP,"TIMESTAMP(10,6)",YES,CURRENT TIMESTAMP,10,10,6,,,,T,T,5,,NO,NO,,
EDW_STAGE,CURRENCY,CURRENCY_CODE,2,CHARACTER,"CHARACTER(3,0)",NO,,3,3,0,,,,T,T,5,,NO,NO,,
EDW_STAGE,CURRENCY,DECIMAL_PRECISION,5,SMALLINT,"SMALLINT(2,0)",NO,,2,2,0,,,,T,T,5,,NO,NO,,
EDW_STAGE,CURRENCY,CURRENCY_NAME,3,VARCHAR,"VARCHAR(64,0)",NO,,64,64,0,,,,T,T,5,,NO,NO,,
EDW_STAGE,CURRENCY,CREATED_BY,6,VARCHAR,"VARCHAR(64,0)",NO,,64,64,0,,,,T,T,5,,NO,NO,,
EDW_STAGE,CURRENCY,UPDATED_BY,8,VARCHAR,"VARCHAR(64,0)",YES,,64,64,0,,,,T,T,5,,NO,NO,,
EDW_STAGE,CURRENCY,SYMBOL,4,VARCHAR,"VARCHAR(8,0)",YES,,8,8,0,,,,T,T,5,,NO,NO,,
EDW_STAGE,CURRENCY,CURRENCY_ID,1,BIGINT,"BIGINT(8,0)",NO,,8,8,0,PRI,,,T,T,5,,YES,NO,,
EDW_STAGE,CUSTOMER,CUSTOMER_STATUS,9,VARCHAR,"VARCHAR(16,0)",YES,'ACTIVE',16,16,0,,,,T,T,10000,,NO,NO,,
EDW_STAGE,CUSTOMER,STG_CREATED_BY,18,VARCHAR,"VARCHAR(64,0)",NO,'Data Import',64,64,0,,,,T,T,10000,,NO,NO,,
EDW_STAGE,CUSTOMER,STG_UPDATED_BY,20,VARCHAR,"VARCHAR(64,0)",YES,'Data Import',64,64,0,,,,T,T,10000,,NO,NO,,
EDW_STAGE,CUSTOMER,STG_CREATED_AT,19,TIMESTAMP,"TIMESTAMP(10,6)",NO,CURRENT TIMESTAMP,10,10,6,,,,T,T,10000,,NO,NO,,
EDW_STAGE,CUSTOMER,CREATED_AT,14,TIMESTAMP,"TIMESTAMP(10,6)",YES,CURRENT TIMESTAMP,10,10,6,,,,T,T,10000,,NO,NO,,
EDW_STAGE,CUSTOMER,UPDATED_AT,15,TIMESTAMP,"TIMESTAMP(10,6)",YES,CURRENT TIMESTAMP,10,10,6,,,,T,T,10000,,NO,NO,,
EDW_STAGE,CUSTOMER,STG_UPDATED_AT,21,TIMESTAMP,"TIMESTAMP(10,6)",YES,CURRENT TIMESTAMP,10,10,6,,,,T,T,10000,,NO,NO,,
EDW_STAGE,CUSTOMER,FIRST_NAME,2,VARCHAR,"VARCHAR(128,0)",NO,,128,128,0,,,,T,T,10000,,NO,NO,,
EDW_STAGE,CUSTOMER,DATE_OF_BIRTH,4,DATE,"DATE(4,0)",YES,,4,4,0,,,,T,T,10000,,NO,NO,,
EDW_STAGE,CUSTOMER,REGISTRATION_DATE,12,TIMESTAMP,"TIMESTAMP(10,6)",YES,,10,10,6,,,,T,T,10000,,NO,NO,,
EDW_STAGE,CUSTOMER,LAST_NAME,3,VARCHAR,"VARCHAR(128,0)",YES,,128,128,0,,,,T,T,10000,,NO,NO,,
EDW_STAGE,CUSTOMER,NATIONAL_ID,6,VARCHAR,"VARCHAR(128,0)",YES,,128,128,0,,,,T,T,10000,,NO,NO,,
EDW_STAGE,CUSTOMER,EMAIL_ADDRESS,10,VARCHAR,"VARCHAR(128,0)",YES,,128,128,0,,,,T,T,10000,,NO,NO,,
EDW_STAGE,CUSTOMER,CREATED_BY,16,VARCHAR,"VARCHAR(128,0)",YES,,128,128,0,,,,T,T,10000,,NO,NO,,
EDW_STAGE,CUSTOMER,UPDATED_BY,17,VARCHAR,"VARCHAR(128,0)",YES,,128,128,0,,,,T,T,10000,,NO,NO,,
EDW_STAGE,CUSTOMER,RISK_RATING,8,VARCHAR,"VARCHAR(16,0)",YES,,16,16,0,,,,T,T,10000,,NO,NO,,
EDW_STAGE,CUSTOMER,MOBILE_NUMBER,11,VARCHAR,"VARCHAR(16,0)",YES,,16,16,0,,,,T,T,10000,,NO,NO,,
EDW_STAGE,CUSTOMER,CUSTOMER_SEGMENT,7,VARCHAR,"VARCHAR(64,0)",YES,,64,64,0,,,,T,T,10000,,NO,NO,,
EDW_STAGE,CUSTOMER,GENDER,5,VARCHAR,"VARCHAR(8,0)",YES,,8,8,0,,,,T,T,10000,,NO,NO,,
EDW_STAGE,CUSTOMER,CUSTOMER_TIMEZONE_OFFSET,13,VARCHAR,"VARCHAR(8,0)",YES,,8,8,0,,,,T,T,10000,,NO,NO,,
EDW_STAGE,CUSTOMER,CUSTOMER_ID,1,BIGINT,"BIGINT(8,0)",NO,,8,8,0,PRI,,,T,T,10000,,YES,NO,,
EDW_STAGE,CUSTOMER_ADDRESS,CUSTOMER_ID,2,BIGINT,"BIGINT(8,0)",NO,,8,8,0,,,,T,T,0,,NO,YES,CUSTOMER,CUSTOMER_ID
EDW_STAGE,CUSTOMER_ADDRESS,STG_CREATED_BY,17,VARCHAR,"VARCHAR(64,0)",NO,'Data Import',64,64,0,,,,T,T,0,,NO,NO,,
EDW_STAGE,CUSTOMER_ADDRESS,STG_UPDATED_BY,19,VARCHAR,"VARCHAR(64,0)",YES,'Data Import',64,64,0,,,,T,T,0,,NO,NO,,
EDW_STAGE,CUSTOMER_ADDRESS,CREATED_BY,14,VARCHAR,"VARCHAR(64,0)",YES,'system',64,64,0,,,,T,T,0,,NO,NO,,
EDW_STAGE,CUSTOMER_ADDRESS,UPDATED_BY,16,VARCHAR,"VARCHAR(64,0)",YES,'system',64,64,0,,,,T,T,0,,NO,NO,,
EDW_STAGE,CUSTOMER_ADDRESS,STG_CREATED_AT,18,TIMESTAMP,"TIMESTAMP(10,6)",NO,CURRENT TIMESTAMP,10,10,6,,,,T,T,0,,NO,NO,,
EDW_STAGE,CUSTOMER_ADDRESS,VALID_FROM,11,TIMESTAMP,"TIMESTAMP(10,6)",YES,CURRENT TIMESTAMP,10,10,6,,,,T,T,0,,NO,NO,,
EDW_STAGE,CUSTOMER_ADDRESS,CREATED_AT,13,TIMESTAMP,"TIMESTAMP(10,6)",YES,CURRENT TIMESTAMP,10,10,6,,,,T,T,0,,NO,NO,,
EDW_STAGE,CUSTOMER_ADDRESS,UPDATED_AT,15,TIMESTAMP,"TIMESTAMP(10,6)",YES,CURRENT TIMESTAMP,10,10,6,,,,T,T,0,,NO,NO,,
EDW_STAGE,CUSTOMER_ADDRESS,STG_UPDATED_AT,20,TIMESTAMP,"TIMESTAMP(10,6)",YES,CURRENT TIMESTAMP,10,10,6,,,,T,T,0,,NO,NO,,
EDW_STAGE,CUSTOMER_ADDRESS,ADDRESS_TYPE,3,VARCHAR,"VARCHAR(16,0)",NO,,16,16,0,,,,T,T,0,,NO,NO,,
EDW_STAGE,CUSTOMER_ADDRESS,ADDRESS_STATUS,10,VARCHAR,"VARCHAR(16,0)",NO,,16,16,0,,,,T,T,0,,NO,NO,,
EDW_STAGE,CUSTOMER_ADDRESS,ADDRESS_LINE_1,4,VARCHAR,"VARCHAR(255,0)",NO,,255,255,0,,,,T,T,0,,NO,NO,,
EDW_STAGE,CUSTOMER_ADDRESS,COUNTRY_CODE,9,VARCHAR,"VARCHAR(4,0)",NO,,4,4,0,,,,T,T,0,,NO,NO,,
EDW_STAGE,CUSTOMER_ADDRESS,CITY,6,VARCHAR,"VARCHAR(64,0)",NO,,64,64,0,,,,T,T,0,,NO,NO,,
EDW_STAGE,CUSTOMER_ADDRESS,VALID_TO,12,TIMESTAMP,"TIMESTAMP(10,6)",YES,,10,10,6,,,,T,T,0,,NO,NO,,
EDW_STAGE,CUSTOMER_ADDRESS,POSTAL_CODE,8,VARCHAR,"VARCHAR(16,0)",YES,,16,16,0,,,,T,T,0,,NO,NO,,
EDW_STAGE,CUSTOMER_ADDRESS,ADDRESS_LINE_2,5,VARCHAR,"VARCHAR(255,0)",YES,,255,255,0,,,,T,T,0,,NO,NO,,
EDW_STAGE,CUSTOMER_ADDRESS,STATE,7,VARCHAR,"VARCHAR(64,0)",YES,,64,64,0,,,,T,T,0,,NO,NO,,
EDW_STAGE,CUSTOMER_ADDRESS,ADDRESS_ID,1,BIGINT,"BIGINT(8,0)",NO,,8,8,0,PRI,,,T,T,0,,YES,NO,,
EDW_STAGE,CUSTOMER_CONTACT,CUSTOMER_ID,2,BIGINT,"BIGINT(8,0)",NO,,8,8,0,,,,T,T,0,,NO,YES,CUSTOMER,CUSTOMER_ID
EDW_STAGE,CUSTOMER_CONTACT,STG_CREATED_BY,14,VARCHAR,"VARCHAR(64,0)",NO,'Data Import',64,64,0,,,,T,T,0,,NO,NO,,
EDW_STAGE,CUSTOMER_CONTACT,STG_UPDATED_BY,16,VARCHAR,"VARCHAR(64,0)",YES,'Data Import',64,64,0,,,,T,T,0,,NO,NO,,
EDW_STAGE,CUSTOMER_CONTACT,CONTACT_STATUS,7,VARCHAR,"VARCHAR(16,0)",YES,'PENDING',16,16,0,,,,T,T,0,,NO,NO,,
EDW_STAGE,CUSTOMER_CONTACT,IS_PRIMARY,6,SMALLINT,"SMALLINT(2,0)",YES,0,2,2,0,,,,T,T,0,,NO,NO,,
EDW_STAGE,CUSTOMER_CONTACT,STG_CREATED_AT,15,TIMESTAMP,"TIMESTAMP(10,6)",NO,CURRENT TIMESTAMP,10,10,6,,,,T,T,0,,NO,NO,,
EDW_STAGE,CUSTOMER_CONTACT,CREATED_AT,10,TIMESTAMP,"TIMESTAMP(10,6)",YES,CURRENT TIMESTAMP,10,10,6,,,,T,T,0,,NO,NO,,
EDW_STAGE,CUSTOMER_CONTACT,UPDATED_AT,11,TIMESTAMP,"TIMESTAMP(10,6)",YES,CURRENT TIMESTAMP,10,10,6,,,,T,T,0,,NO,NO,,
EDW_STAGE,CUSTOMER_CONTACT,STG_UPDATED_AT,17,TIMESTAMP,"TIMESTAMP(10,6)",YES,CURRENT TIMESTAMP,10,10,6,,,,T,T,0,,NO,NO,,
EDW_STAGE,CUSTOMER_CONTACT,CONTACT_VALUE,5,VARCHAR,"VARCHAR(128,0)",NO,,128,128,0,,,,T,T,0,,NO,NO,,
EDW_STAGE,CUSTOMER_CONTACT,CONTACT_METHOD,3,VARCHAR,"VARCHAR(16,0)",NO,,16,16,0,,,,T,T,0,,NO,NO,,
EDW_STAGE,CUSTOMER_CONTACT,CONTACT_TYPE,4,VARCHAR,"VARCHAR(16,0)",NO,,16,16,0,,,,T,T,0,,NO,NO,,
EDW_STAGE,CUSTOMER_CONTACT,VALID_FROM,8,TIMESTAMP,"TIMESTAMP(10,6)",YES,,10,10,6,,,,T,T,0,,NO,NO,,
EDW_STAGE,CUSTOMER_CONTACT,VALID_TO,9,TIMESTAMP,"TIMESTAMP(10,6)",YES,,10,10,6,,,,T,T,0,,NO,NO,,
EDW_STAGE,CUSTOMER_CONTACT,CREATED_BY,12,VARCHAR,"VARCHAR(128,0)",YES,,128,128,0,,,,T,T,0,,NO,NO,,
EDW_STAGE,CUSTOMER_CONTACT,UPDATED_BY,13,VARCHAR,"VARCHAR(128,0)",YES,,128,128,0,,,,T,T,0,,NO,NO,,
EDW_STAGE,CUSTOMER_CONTACT,CONTACT_ID,1,BIGINT,"BIGINT(8,0)",NO,,8,8,0,PRI,,,T,T,0,,YES,NO,,
EDW_STAGE,CUSTOMER_DOCUMENT,CUSTOMER_ID,2,BIGINT,"BIGINT(8,0)",NO,,8,8,0,,,,T,T,0,,NO,YES,CUSTOMER,CUSTOMER_ID
EDW_STAGE,CUSTOMER_DOCUMENT,DOCUMENT_STATUS,11,VARCHAR,"VARCHAR(32,0)",YES,'Active',32,32,0,,,,T,T,0,,NO,NO,,
EDW_STAGE,CUSTOMER_DOCUMENT,STG_CREATED_BY,21,VARCHAR,"VARCHAR(64,0)",NO,'Data Import',64,64,0,,,,T,T,0,,NO,NO,,
EDW_STAGE,CUSTOMER_DOCUMENT,STG_UPDATED_BY,23,VARCHAR,"VARCHAR(64,0)",YES,'Data Import',64,64,0,,,,T,T,0,,NO,NO,,
EDW_STAGE,CUSTOMER_DOCUMENT,VERIFICATION_STATUS,12,VARCHAR,"VARCHAR(32,0)",YES,'Pending',32,32,0,,,,T,T,0,,NO,NO,,
EDW_STAGE,CUSTOMER_DOCUMENT,CREATED_BY,18,VARCHAR,"VARCHAR(64,0)",YES,'system',64,64,0,,,,T,T,0,,NO,NO,,
EDW_STAGE,CUSTOMER_DOCUMENT,UPDATED_BY,20,VARCHAR,"VARCHAR(64,0)",YES,'system',64,64,0,,,,T,T,0,,NO,NO,,
EDW_STAGE,CUSTOMER_DOCUMENT,STG_CREATED_AT,22,TIMESTAMP,"TIMESTAMP(10,6)",NO,CURRENT TIMESTAMP,10,10,6,,,,T,T,0,,NO,NO,,
EDW_STAGE,CUSTOMER_DOCUMENT,VALID_FROM,15,TIMESTAMP,"TIMESTAMP(10,6)",YES,CURRENT TIMESTAMP,10,10,6,,,,T,T,0,,NO,NO,,
EDW_STAGE,CUSTOMER_DOCUMENT,CREATED_AT,17,TIMESTAMP,"TIMESTAMP(10,6)",YES,CURRENT TIMESTAMP,10,10,6,,,,T,T,0,,NO,NO,,
EDW_STAGE,CUSTOMER_DOCUMENT,UPDATED_AT,19,TIMESTAMP,"TIMESTAMP(10,6)",YES,CURRENT TIMESTAMP,10,10,6,,,,T,T,0,,NO,NO,,
EDW_STAGE,CUSTOMER_DOCUMENT,STG_UPDATED_AT,24,TIMESTAMP,"TIMESTAMP(10,6)",YES,CURRENT TIMESTAMP,10,10,6,,,,T,T,0,,NO,NO,,
EDW_STAGE,CUSTOMER_DOCUMENT,DOCUMENT_TYPE,3,VARCHAR,"VARCHAR(64,0)",NO,,64,64,0,,,,T,T,0,,NO,NO,,
EDW_STAGE,CUSTOMER_DOCUMENT,ISSUE_DATE,5,DATE,"DATE(4,0)",YES,,4,4,0,,,,T,T,0,,NO,NO,,
EDW_STAGE,CUSTOMER_DOCUMENT,EXPIRY_DATE,6,DATE,"DATE(4,0)",YES,,4,4,0,,,,T,T,0,,NO,NO,,
EDW_STAGE,CUSTOMER_DOCUMENT,VERIFIED_AT,13,TIMESTAMP,"TIMESTAMP(10,6)",YES,,10,10,6,,,,T,T,0,,NO,NO,,
EDW_STAGE,CUSTOMER_DOCUMENT,VALID_TO,16,TIMESTAMP,"TIMESTAMP(10,6)",YES,,10,10,6,,,,T,T,0,,NO,NO,,
EDW_STAGE,CUSTOMER_DOCUMENT,ISSUED_BY,7,VARCHAR,"VARCHAR(128,0)",YES,,128,128,0,,,,T,T,0,,NO,NO,,
EDW_STAGE,CUSTOMER_DOCUMENT,FILE_FORMAT,10,VARCHAR,"VARCHAR(16,0)",YES,,16,16,0,,,,T,T,0,,NO,NO,,
EDW_STAGE,CUSTOMER_DOCUMENT,FILE_PATH,9,VARCHAR,"VARCHAR(255,0)",YES,,255,255,0,,,,T,T,0,,NO,NO,,
EDW_STAGE,CUSTOMER_DOCUMENT,COUNTRY_CODE,8,VARCHAR,"VARCHAR(4,0)",YES,,4,4,0,,,,T,T,0,,NO,NO,,
EDW_STAGE,CUSTOMER_DOCUMENT,DOCUMENT_NUMBER,4,VARCHAR,"VARCHAR(64,0)",YES,,64,64,0,,,,T,T,0,,NO,NO,,
EDW_STAGE,CUSTOMER_DOCUMENT,VERIFIED_BY,14,VARCHAR,"VARCHAR(64,0)",YES,,64,64,0,,,,T,T,0,,NO,NO,,
EDW_STAGE,CUSTOMER_DOCUMENT,DOCUMENT_ID,1,BIGINT,"BIGINT(8,0)",NO,,8,8,0,PRI,,,T,T,0,,YES,NO,,
EDW_STAGE,CUSTOMER_KYC_STATUS,CUSTOMER_ID,2,BIGINT,"BIGINT(8,0)",NO,,8,8,0,,,,T,T,0,,NO,YES,CUSTOMER,CUSTOMER_ID
EDW_STAGE,CUSTOMER_KYC_STATUS,STG_CREATED_BY,11,VARCHAR,"VARCHAR(64,0)",NO,'Data Import',64,64,0,,,,T,T,0,,NO,NO,,
EDW_STAGE,CUSTOMER_KYC_STATUS,STG_UPDATED_BY,13,VARCHAR,"VARCHAR(64,0)",YES,'Data Import',64,64,0,,,,T,T,0,,NO,NO,,
EDW_STAGE,CUSTOMER_KYC_STATUS,STG_CREATED_AT,12,TIMESTAMP,"TIMESTAMP(10,6)",NO,CURRENT TIMESTAMP,10,10,6,,,,T,T,0,,NO,NO,,
EDW_STAGE,CUSTOMER_KYC_STATUS,CREATED_AT,7,TIMESTAMP,"TIMESTAMP(10,6)",YES,CURRENT TIMESTAMP,10,10,6,,,,T,T,0,,NO,NO,,
EDW_STAGE,CUSTOMER_KYC_STATUS,UPDATED_AT,9,TIMESTAMP,"TIMESTAMP(10,6)",YES,CURRENT TIMESTAMP,10,10,6,,,,T,T,0,,NO,NO,,
EDW_STAGE,CUSTOMER_KYC_STATUS,STG_UPDATED_AT,14,TIMESTAMP,"TIMESTAMP(10,6)",YES,CURRENT TIMESTAMP,10,10,6,,,,T,T,0,,NO,NO,,
EDW_STAGE,CUSTOMER_KYC_STATUS,EFFECTIVE_FROM,5,TIMESTAMP,"TIMESTAMP(10,6)",NO,,10,10,6,,,,T,T,0,,NO,NO,,
EDW_STAGE,CUSTOMER_KYC_STATUS,KYC_STATUS,3,VARCHAR,"VARCHAR(32,0)",NO,,32,32,0,,,,T,T,0,,NO,NO,,
EDW_STAGE,CUSTOMER_KYC_STATUS,EFFECTIVE_TO,6,TIMESTAMP,"TIMESTAMP(10,6)",YES,,10,10,6,,,,T,T,0,,NO,NO,,
EDW_STAGE,CUSTOMER_KYC_STATUS,STATUS_REASON,4,VARCHAR,"VARCHAR(255,0)",YES,,255,255,0,,,,T,T,0,,NO,NO,,
EDW_STAGE,CUSTOMER_KYC_STATUS,CREATED_BY,8,VARCHAR,"VARCHAR(64,0)",YES,,64,64,0,,,,T,T,0,,NO,NO,,
EDW_STAGE,CUSTOMER_KYC_STATUS,UPDATED_BY,10,VARCHAR,"VARCHAR(64,0)",YES,,64,64,0,,,,T,T,0,,NO,NO,,
EDW_STAGE,CUSTOMER_KYC_STATUS,KYC_STATUS_ID,1,BIGINT,"BIGINT(8,0)",NO,,8,8,0,PRI,,,T,T,0,,YES,NO,,
EDW_STAGE,CUSTOMER_PREFERENCE,CUSTOMER_ID,2,BIGINT,"BIGINT(8,0)",NO,,8,8,0,,,,T,T,0,,NO,YES,CUSTOMER,CUSTOMER_ID
EDW_STAGE,CUSTOMER_PREFERENCE,CONTACT_TIME_WINDOW,5,VARCHAR,"VARCHAR(16,0)",YES,'Anytime',16,16,0,,,,T,T,0,,NO,NO,,
EDW_STAGE,CUSTOMER_PREFERENCE,STG_CREATED_BY,12,VARCHAR,"VARCHAR(64,0)",NO,'Data Import',64,64,0,,,,T,T,0,,NO,NO,,
EDW_STAGE,CUSTOMER_PREFERENCE,STG_UPDATED_BY,14,VARCHAR,"VARCHAR(64,0)",YES,'Data Import',64,64,0,,,,T,T,0,,NO,NO,,
EDW_STAGE,CUSTOMER_PREFERENCE,PREFERRED_LANGUAGE,4,VARCHAR,"VARCHAR(32,0)",YES,'en',32,32,0,,,,T,T,0,,NO,NO,,
EDW_STAGE,CUSTOMER_PREFERENCE,MARKETING_OPT_IN,6,SMALLINT,"SMALLINT(2,0)",YES,1,2,2,0,,,,T,T,0,,NO,NO,,
EDW_STAGE,CUSTOMER_PREFERENCE,IS_ACTIVE,7,SMALLINT,"SMALLINT(2,0)",YES,1,2,2,0,,,,T,T,0,,NO,NO,,
EDW_STAGE,CUSTOMER_PREFERENCE,STG_CREATED_AT,13,TIMESTAMP,"TIMESTAMP(10,6)",NO,CURRENT TIMESTAMP,10,10,6,,,,T,T,0,,NO,NO,,
EDW_STAGE,CUSTOMER_PREFERENCE,CREATED_AT,8,TIMESTAMP,"TIMESTAMP(10,6)",YES,CURRENT TIMESTAMP,10,10,6,,,,T,T,0,,NO,NO,,
EDW_STAGE,CUSTOMER_PREFERENCE,UPDATED_AT,10,TIMESTAMP,"TIMESTAMP(10,6)",YES,CURRENT TIMESTAMP,10,10,6,,,,T,T,0,,NO,NO,,
EDW_STAGE,CUSTOMER_PREFERENCE,STG_UPDATED_AT,15,TIMESTAMP,"TIMESTAMP(10,6)",YES,CURRENT TIMESTAMP,10,10,6,,,,T,T,0,,NO,NO,,
EDW_STAGE,CUSTOMER_PREFERENCE,COMMUNICATION_CHANNEL,3,VARCHAR,"VARCHAR(32,0)",NO,,32,32,0,,,,T,T,0,,NO,NO,,
EDW_STAGE,CUSTOMER_PREFERENCE,CREATED_BY,9,VARCHAR,"VARCHAR(64,0)",YES,,64,64,0,,,,T,T,0,,NO,NO,,
EDW_STAGE,CUSTOMER_PREFERENCE,UPDATED_BY,11,VARCHAR,"VARCHAR(64,0)",YES,,64,64,0,,,,T,T,0,,NO,NO,,
EDW_STAGE,CUSTOMER_PREFERENCE,PREFERENCE_ID,1,BIGINT,"BIGINT(8,0)",NO,,8,8,0,PRI,,,T,T,0,,YES,NO,,
EDW_STAGE,CUSTOMER_RELATIONSHIP,CUSTOMER_ID,2,BIGINT,"BIGINT(8,0)",NO,,8,8,0,,,,T,T,0,,NO,YES,CUSTOMER,CUSTOMER_ID
EDW_STAGE,CUSTOMER_RELATIONSHIP,RELATED_CUSTOMER_ID,3,BIGINT,"BIGINT(8,0)",NO,,8,8,0,,,,T,T,0,,NO,YES,CUSTOMER,CUSTOMER_ID
EDW_STAGE,CUSTOMER_RELATIONSHIP,RELATIONSHIP_STATUS,5,VARCHAR,"VARCHAR(16,0)",YES,'Active',16,16,0,,,,T,T,0,,NO,NO,,
EDW_STAGE,CUSTOMER_RELATIONSHIP,STG_CREATED_BY,12,VARCHAR,"VARCHAR(64,0)",NO,'Data Import',64,64,0,,,,T,T,0,,NO,NO,,
EDW_STAGE,CUSTOMER_RELATIONSHIP,STG_UPDATED_BY,14,VARCHAR,"VARCHAR(64,0)",YES,'Data Import',64,64,0,,,,T,T,0,,NO,NO,,
EDW_STAGE,CUSTOMER_RELATIONSHIP,STG_CREATED_AT,13,TIMESTAMP,"TIMESTAMP(10,6)",NO,CURRENT TIMESTAMP,10,10,6,,,,T,T,0,,NO,NO,,
EDW_STAGE,CUSTOMER_RELATIONSHIP,CREATED_AT,8,TIMESTAMP,"TIMESTAMP(10,6)",YES,CURRENT TIMESTAMP,10,10,6,,,,T,T,0,,NO,NO,,
EDW_STAGE,CUSTOMER_RELATIONSHIP,UPDATED_AT,10,TIMESTAMP,"TIMESTAMP(10,6)",YES,CURRENT TIMESTAMP,10,10,6,,,,T,T,0,,NO,NO,,
EDW_STAGE,CUSTOMER_RELATIONSHIP,STG_UPDATED_AT,15,TIMESTAMP,"TIMESTAMP(10,6)",YES,CURRENT TIMESTAMP,10,10,6,,,,T,T,0,,NO,NO,,
EDW_STAGE,CUSTOMER_RELATIONSHIP,EFFECTIVE_FROM,6,TIMESTAMP,"TIMESTAMP(10,6)",NO,,10,10,6,,,,T,T,0,,NO,NO,,
EDW_STAGE,CUSTOMER_RELATIONSHIP,RELATIONSHIP_TYPE,4,VARCHAR,"VARCHAR(32,0)",NO,,32,32,0,,,,T,T,0,,NO,NO,,
EDW_STAGE,CUSTOMER_RELATIONSHIP,EFFECTIVE_TO,7,TIMESTAMP,"TIMESTAMP(10,6)",YES,,10,10,6,,,,T,T,0,,NO,NO,,
EDW_STAGE,CUSTOMER_RELATIONSHIP,CREATED_BY,9,VARCHAR,"VARCHAR(64,0)",YES,,64,64,0,,,,T,T,0,,NO,NO,,
EDW_STAGE,CUSTOMER_RELATIONSHIP,UPDATED_BY,11,VARCHAR,"VARCHAR(64,0)",YES,,64,64,0,,,,T,T,0,,NO,NO,,
EDW_STAGE,CUSTOMER_RELATIONSHIP,RELATIONSHIP_ID,1,BIGINT,"BIGINT(8,0)",NO,,8,8,0,PRI,,,T,T,0,,YES,NO,,
EDW_STAGE,KYC_DOCUMENT_MAP,DOCUMENT_ID,2,BIGINT,"BIGINT(8,0)",NO,,8,8,0,PRI,,,T,T,0,,YES,YES,CUSTOMER_DOCUMENT,DOCUMENT_ID
EDW_STAGE,KYC_DOCUMENT_MAP,KYC_STATUS_ID,1,BIGINT,"BIGINT(8,0)",NO,,8,8,0,PRI,,,T,T,0,,YES,YES,CUSTOMER_KYC_STATUS,KYC_STATUS_ID
EDW_STAGE,KYC_DOCUMENT_MAP,STG_CREATED_BY,7,VARCHAR,"VARCHAR(64,0)",NO,'Data Import',64,64,0,,,,T,T,0,,NO,NO,,
EDW_STAGE,KYC_DOCUMENT_MAP,STG_UPDATED_BY,9,VARCHAR,"VARCHAR(64,0)",YES,'Data Import',64,64,0,,,,T,T,0,,NO,NO,,
EDW_STAGE,KYC_DOCUMENT_MAP,STG_CREATED_AT,8,TIMESTAMP,"TIMESTAMP(10,6)",NO,CURRENT TIMESTAMP,10,10,6,,,,T,T,0,,NO,NO,,
EDW_STAGE,KYC_DOCUMENT_MAP,CREATED_AT,3,TIMESTAMP,"TIMESTAMP(10,6)",YES,CURRENT TIMESTAMP,10,10,6,,,,T,T,0,,NO,NO,,
EDW_STAGE,KYC_DOCUMENT_MAP,UPDATED_AT,4,TIMESTAMP,"TIMESTAMP(10,6)",YES,CURRENT TIMESTAMP,10,10,6,,,,T,T,0,,NO,NO,,
EDW_STAGE,KYC_DOCUMENT_MAP,STG_UPDATED_AT,10,TIMESTAMP,"TIMESTAMP(10,6)",YES,CURRENT TIMESTAMP,10,10,6,,,,T,T,0,,NO,NO,,
EDW_STAGE,KYC_DOCUMENT_MAP,CREATED_BY,5,VARCHAR,"VARCHAR(128,0)",YES,,128,128,0,,,,T,T,0,,NO,NO,,
EDW_STAGE,KYC_DOCUMENT_MAP,UPDATED_BY,6,VARCHAR,"VARCHAR(128,0)",YES,,128,128,0,,,,T,T,0,,NO,NO,,
EDW_STAGE,PRODUCT,PRODUCT_CATEGORY_ID,5,BIGINT,"BIGINT(8,0)",NO,,8,8,0,,,,T,T,0,,NO,YES,PRODUCT_CATEGORY,PRODUCT_CATEGORY_ID
EDW_STAGE,PRODUCT,STATUS_ID,7,BIGINT,"BIGINT(8,0)",NO,,8,8,0,,,,T,T,0,,NO,YES,PRODUCT_STATUS,PRODUCT_STATUS_ID
EDW_STAGE,PRODUCT,PRODUCT_TYPE_ID,4,BIGINT,"BIGINT(8,0)",NO,,8,8,0,,,,T,T,0,,NO,YES,PRODUCT_TYPE,PRODUCT_TYPE_ID
EDW_STAGE,PRODUCT,STG_CREATED_BY,12,VARCHAR,"VARCHAR(64,0)",NO,'Data Import',64,64,0,,,,T,T,0,,NO,NO,,
EDW_STAGE,PRODUCT,STG_UPDATED_BY,14,VARCHAR,"VARCHAR(64,0)",YES,'Data Import',64,64,0,,,,T,T,0,,NO,NO,,
EDW_STAGE,PRODUCT,CREATED_AT,9,TIMESTAMP,"TIMESTAMP(10,6)",NO,CURRENT TIMESTAMP,10,10,6,,,,T,T,0,,NO,NO,,
EDW_STAGE,PRODUCT,STG_CREATED_AT,13,TIMESTAMP,"TIMESTAMP(10,6)",NO,CURRENT TIMESTAMP,10,10,6,,,,T,T,0,,NO,NO,,
EDW_STAGE,PRODUCT,UPDATED_AT,11,TIMESTAMP,"TIMESTAMP(10,6)",YES,CURRENT TIMESTAMP,10,10,6,,,,T,T,0,,NO,NO,,
EDW_STAGE,PRODUCT,STG_UPDATED_AT,15,TIMESTAMP,"TIMESTAMP(10,6)",YES,CURRENT TIMESTAMP,10,10,6,,,,T,T,0,,NO,NO,,
EDW_STAGE,PRODUCT,CURRENCY_CODE,6,CHARACTER,"CHARACTER(3,0)",NO,,3,3,0,,,,T,T,0,,NO,NO,,
EDW_STAGE,PRODUCT,PRODUCT_NAME,3,VARCHAR,"VARCHAR(128,0)",NO,,128,128,0,,,,T,T,0,,NO,NO,,
EDW_STAGE,PRODUCT,PRODUCT_CODE,2,VARCHAR,"VARCHAR(32,0)",NO,,32,32,0,,,,T,T,0,,NO,NO,,
EDW_STAGE,PRODUCT,CREATED_BY,8,VARCHAR,"VARCHAR(64,0)",NO,,64,64,0,,,,T,T,0,,NO,NO,,
EDW_STAGE,PRODUCT,UPDATED_BY,10,VARCHAR,"VARCHAR(64,0)",YES,,64,64,0,,,,T,T,0,,NO,NO,,
EDW_STAGE,PRODUCT,PRODUCT_ID,1,BIGINT,"BIGINT(8,0)",NO,,8,8,0,PRI,,,T,T,0,,YES,NO,,
EDW_STAGE,PRODUCT_CATEGORY,STATUS_ID,5,BIGINT,"BIGINT(8,0)",NO,,8,8,0,,,,T,T,0,,NO,YES,PRODUCT_STATUS,PRODUCT_STATUS_ID
EDW_STAGE,PRODUCT_CATEGORY,STG_CREATED_BY,10,VARCHAR,"VARCHAR(64,0)",NO,'Data Import',64,64,0,,,,T,T,0,,NO,NO,,
EDW_STAGE,PRODUCT_CATEGORY,STG_UPDATED_BY,12,VARCHAR,"VARCHAR(64,0)",YES,'Data Import',64,64,0,,,,T,T,0,,NO,NO,,
EDW_STAGE,PRODUCT_CATEGORY,CREATED_AT,7,TIMESTAMP,"TIMESTAMP(10,6)",NO,CURRENT TIMESTAMP,10,10,6,,,,T,T,0,,NO,NO,,
EDW_STAGE,PRODUCT_CATEGORY,STG_CREATED_AT,11,TIMESTAMP,"TIMESTAMP(10,6)",NO,CURRENT TIMESTAMP,10,10,6,,,,T,T,0,,NO,NO,,
EDW_STAGE,PRODUCT_CATEGORY,UPDATED_AT,9,TIMESTAMP,"TIMESTAMP(10,6)",YES,CURRENT TIMESTAMP,10,10,6,,,,T,T,0,,NO,NO,,
EDW_STAGE,PRODUCT_CATEGORY,STG_UPDATED_AT,13,TIMESTAMP,"TIMESTAMP(10,6)",YES,CURRENT TIMESTAMP,10,10,6,,,,T,T,0,,NO,NO,,
EDW_STAGE,PRODUCT_CATEGORY,PRODUCT_CATEGORY_CODE,2,VARCHAR,"VARCHAR(32,0)",NO,,32,32,0,,,,T,T,0,,NO,NO,,
EDW_STAGE,PRODUCT_CATEGORY,PRODUCT_CATEGORY_NAME,3,VARCHAR,"VARCHAR(64,0)",NO,,64,64,0,,,,T,T,0,,NO,NO,,
EDW_STAGE,PRODUCT_CATEGORY,CREATED_BY,6,VARCHAR,"VARCHAR(64,0)",NO,,64,64,0,,,,T,T,0,,NO,NO,,
EDW_STAGE,PRODUCT_CATEGORY,PRODUCT_CATEGORY_DESCRIPTION,4,CLOB,"CLOB(1048576,0)",YES,,1048576,1048576,0,,,,T,T,0,,NO,NO,,
EDW_STAGE,PRODUCT_CATEGORY,UPDATED_BY,8,VARCHAR,"VARCHAR(64,0)",YES,,64,64,0,,,,T,T,0,,NO,NO,,
EDW_STAGE,PRODUCT_CATEGORY,PRODUCT_CATEGORY_ID,1,BIGINT,"BIGINT(8,0)",NO,,8,8,0,PRI,,,T,T,0,,YES,NO,,
EDW_STAGE,PRODUCT_FEE,PRODUCT_ID,2,BIGINT,"BIGINT(8,0)",NO,,8,8,0,,,,T,T,0,,NO,YES,PRODUCT,PRODUCT_ID
EDW_STAGE,PRODUCT_FEE,STG_CREATED_BY,10,VARCHAR,"VARCHAR(64,0)",NO,'Data Import',64,64,0,,,,T,T,0,,NO,NO,,
EDW_STAGE,PRODUCT_FEE,STG_UPDATED_BY,12,VARCHAR,"VARCHAR(64,0)",YES,'Data Import',64,64,0,,,,T,T,0,,NO,NO,,
EDW_STAGE,PRODUCT_FEE,CREATED_AT,7,TIMESTAMP,"TIMESTAMP(10,6)",NO,CURRENT TIMESTAMP,10,10,6,,,,T,T,0,,NO,NO,,
EDW_STAGE,PRODUCT_FEE,STG_CREATED_AT,11,TIMESTAMP,"TIMESTAMP(10,6)",NO,CURRENT TIMESTAMP,10,10,6,,,,T,T,0,,NO,NO,,
EDW_STAGE,PRODUCT_FEE,UPDATED_AT,9,TIMESTAMP,"TIMESTAMP(10,6)",YES,CURRENT TIMESTAMP,10,10,6,,,,T,T,0,,NO,NO,,
EDW_STAGE,PRODUCT_FEE,STG_UPDATED_AT,13,TIMESTAMP,"TIMESTAMP(10,6)",YES,CURRENT TIMESTAMP,10,10,6,,,,T,T,0,,NO,NO,,
EDW_STAGE,PRODUCT_FEE,FEE_AMOUNT,4,DECIMAL,"DECIMAL(10,2)",NO,,10,10,2,,,,T,T,0,,NO,NO,,
EDW_STAGE,PRODUCT_FEE,FEE_FREQUENCY,5,VARCHAR,"VARCHAR(10,0)",NO,,10,10,0,,,,T,T,0,,NO,NO,,
EDW_STAGE,PRODUCT_FEE,FEE_TYPE,3,VARCHAR,"VARCHAR(64,0)",NO,,64,64,0,,,,T,T,0,,NO,NO,,
EDW_STAGE,PRODUCT_FEE,CREATED_BY,6,VARCHAR,"VARCHAR(64,0)",NO,,64,64,0,,,,T,T,0,,NO,NO,,
EDW_STAGE,PRODUCT_FEE,UPDATED_BY,8,VARCHAR,"VARCHAR(64,0)",YES,,64,64,0,,,,T,T,0,,NO,NO,,
EDW_STAGE,PRODUCT_FEE,FEE_ID,1,BIGINT,"BIGINT(8,0)",NO,,8,8,0,PRI,,,T,T,0,,YES,NO,,
EDW_STAGE,PRODUCT_INTEREST,PRODUCT_ID,2,BIGINT,"BIGINT(8,0)",NO,,8,8,0,,,,T,T,0,,NO,YES,PRODUCT,PRODUCT_ID
EDW_STAGE,PRODUCT_INTEREST,STG_CREATED_BY,11,VARCHAR,"VARCHAR(64,0)",NO,'Data Import',64,64,0,,,,T,T,0,,NO,NO,,
EDW_STAGE,PRODUCT_INTEREST,STG_UPDATED_BY,13,VARCHAR,"VARCHAR(64,0)",YES,'Data Import',64,64,0,,,,T,T,0,,NO,NO,,
EDW_STAGE,PRODUCT_INTEREST,CREATED_AT,8,TIMESTAMP,"TIMESTAMP(10,6)",NO,CURRENT TIMESTAMP,10,10,6,,,,T,T,0,,NO,NO,,
EDW_STAGE,PRODUCT_INTEREST,STG_CREATED_AT,12,TIMESTAMP,"TIMESTAMP(10,6)",NO,CURRENT TIMESTAMP,10,10,6,,,,T,T,0,,NO,NO,,
EDW_STAGE,PRODUCT_INTEREST,UPDATED_AT,10,TIMESTAMP,"TIMESTAMP(10,6)",YES,CURRENT TIMESTAMP,10,10,6,,,,T,T,0,,NO,NO,,
EDW_STAGE,PRODUCT_INTEREST,STG_UPDATED_AT,14,TIMESTAMP,"TIMESTAMP(10,6)",YES,CURRENT TIMESTAMP,10,10,6,,,,T,T,0,,NO,NO,,
EDW_STAGE,PRODUCT_INTEREST,EFFECTIVE_FROM,5,DATE,"DATE(4,0)",NO,,4,4,0,,,,T,T,0,,NO,NO,,
EDW_STAGE,PRODUCT_INTEREST,INTEREST_RATE,3,DECIMAL,"DECIMAL(5,2)",NO,,5,5,2,,,,T,T,0,,NO,NO,,
EDW_STAGE,PRODUCT_INTEREST,INTEREST_TYPE,4,VARCHAR,"VARCHAR(10,0)",NO,,10,10,0,,,,T,T,0,,NO,NO,,
EDW_STAGE,PRODUCT_INTEREST,CREATED_BY,7,VARCHAR,"VARCHAR(64,0)",NO,,64,64,0,,,,T,T,0,,NO,NO,,
EDW_STAGE,PRODUCT_INTEREST,EFFECTIVE_TO,6,DATE,"DATE(4,0)",YES,,4,4,0,,,,T,T,0,,NO,NO,,
EDW_STAGE,PRODUCT_INTEREST,UPDATED_BY,9,VARCHAR,"VARCHAR(64,0)",YES,,64,64,0,,,,T,T,0,,NO,NO,,
EDW_STAGE,PRODUCT_INTEREST,INTEREST_ID,1,BIGINT,"BIGINT(8,0)",NO,,8,8,0,PRI,,,T,T,0,,YES,NO,,
EDW_STAGE,PRODUCT_LIMIT,PRODUCT_ID,2,BIGINT,"BIGINT(8,0)",NO,,8,8,0,,,,T,T,0,,NO,YES,PRODUCT,PRODUCT_ID
EDW_STAGE,PRODUCT_LIMIT,STG_CREATED_BY,10,VARCHAR,"VARCHAR(64,0)",NO,'Data Import',64,64,0,,,,T,T,0,,NO,NO,,
EDW_STAGE,PRODUCT_LIMIT,STG_UPDATED_BY,12,VARCHAR,"VARCHAR(64,0)",YES,'Data Import',64,64,0,,,,T,T,0,,NO,NO,,
EDW_STAGE,PRODUCT_LIMIT,CREATED_AT,7,TIMESTAMP,"TIMESTAMP(10,6)",NO,CURRENT TIMESTAMP,10,10,6,,,,T,T,0,,NO,NO,,
EDW_STAGE,PRODUCT_LIMIT,STG_CREATED_AT,11,TIMESTAMP,"TIMESTAMP(10,6)",NO,CURRENT TIMESTAMP,10,10,6,,,,T,T,0,,NO,NO,,
EDW_STAGE,PRODUCT_LIMIT,UPDATED_AT,9,TIMESTAMP,"TIMESTAMP(10,6)",YES,CURRENT TIMESTAMP,10,10,6,,,,T,T,0,,NO,NO,,
EDW_STAGE,PRODUCT_LIMIT,STG_UPDATED_AT,13,TIMESTAMP,"TIMESTAMP(10,6)",YES,CURRENT TIMESTAMP,10,10,6,,,,T,T,0,,NO,NO,,
EDW_STAGE,PRODUCT_LIMIT,LIMIT_VALUE,4,DECIMAL,"DECIMAL(12,2)",NO,,12,12,2,,,,T,T,0,,NO,NO,,
EDW_STAGE,PRODUCT_LIMIT,LIMIT_FREQUENCY,5,VARCHAR,"VARCHAR(10,0)",NO,,10,10,0,,,,T,T,0,,NO,NO,,
EDW_STAGE,PRODUCT_LIMIT,LIMIT_TYPE,3,VARCHAR,"VARCHAR(64,0)",NO,,64,64,0,,,,T,T,0,,NO,NO,,
EDW_STAGE,PRODUCT_LIMIT,CREATED_BY,6,VARCHAR,"VARCHAR(64,0)",NO,,64,64,0,,,,T,T,0,,NO,NO,,
EDW_STAGE,PRODUCT_LIMIT,UPDATED_BY,8,VARCHAR,"VARCHAR(64,0)",YES,,64,64,0,,,,T,T,0,,NO,NO,,
EDW_STAGE,PRODUCT_LIMIT,LIMIT_ID,1,BIGINT,"BIGINT(8,0)",NO,,8,8,0,PRI,,,T,T,0,,YES,NO,,
EDW_STAGE,PRODUCT_STATUS,STG_CREATED_BY,9,VARCHAR,"VARCHAR(64,0)",NO,'Data Import',64,64,0,,,,T,T,5,,NO,NO,,
EDW_STAGE,PRODUCT_STATUS,STG_UPDATED_BY,11,VARCHAR,"VARCHAR(64,0)",YES,'Data Import',64,64,0,,,,T,T,5,,NO,NO,,
EDW_STAGE,PRODUCT_STATUS,CREATED_AT,6,TIMESTAMP,"TIMESTAMP(10,6)",NO,CURRENT TIMESTAMP,10,10,6,,,,T,T,5,,NO,NO,,
EDW_STAGE,PRODUCT_STATUS,STG_CREATED_AT,10,TIMESTAMP,"TIMESTAMP(10,6)",NO,CURRENT TIMESTAMP,10,10,6,,,,T,T,5,,NO,NO,,
EDW_STAGE,PRODUCT_STATUS,UPDATED_AT,8,TIMESTAMP,"TIMESTAMP(10,6)",YES,CURRENT TIMESTAMP,10,10,6,,,,T,T,5,,NO,NO,,
EDW_STAGE,PRODUCT_STATUS,STG_UPDATED_AT,12,TIMESTAMP,"TIMESTAMP(10,6)",YES,CURRENT TIMESTAMP,10,10,6,,,,T,T,5,,NO,NO,,
EDW_STAGE,PRODUCT_STATUS,PRODUCT_STATUS_CODE,2,VARCHAR,"VARCHAR(16,0)",NO,,16,16,0,,,,T,T,5,,NO,NO,,
EDW_STAGE,PRODUCT_STATUS,PRODUCT_STATUS_NAME,3,VARCHAR,"VARCHAR(32,0)",NO,,32,32,0,,,,T,T,5,,NO,NO,,
EDW_STAGE,PRODUCT_STATUS,CREATED_BY,5,VARCHAR,"VARCHAR(64,0)",NO,,64,64,0,,,,T,T,5,,NO,NO,,
EDW_STAGE,PRODUCT_STATUS,PRODUCT_STATUS_DESCRIPTION,4,VARCHAR,"VARCHAR(64,0)",YES,,64,64,0,,,,T,T,5,,NO,NO,,
EDW_STAGE,PRODUCT_STATUS,UPDATED_BY,7,VARCHAR,"VARCHAR(64,0)",YES,,64,64,0,,,,T,T,5,,NO,NO,,
EDW_STAGE,PRODUCT_STATUS,PRODUCT_STATUS_ID,1,BIGINT,"BIGINT(8,0)",NO,,8,8,0,PRI,,,T,T,5,,YES,NO,,
EDW_STAGE,PRODUCT_TYPE,STATUS_ID,5,BIGINT,"BIGINT(8,0)",NO,,8,8,0,,,,T,T,5,,NO,YES,PRODUCT_STATUS,PRODUCT_STATUS_ID
EDW_STAGE,PRODUCT_TYPE,STG_CREATED_BY,10,VARCHAR,"VARCHAR(64,0)",NO,'Data Import',64,64,0,,,,T,T,5,,NO,NO,,
EDW_STAGE,PRODUCT_TYPE,STG_UPDATED_BY,12,VARCHAR,"VARCHAR(64,0)",YES,'Data Import',64,64,0,,,,T,T,5,,NO,NO,,
EDW_STAGE,PRODUCT_TYPE,CREATED_AT,7,TIMESTAMP,"TIMESTAMP(10,6)",NO,CURRENT TIMESTAMP,10,10,6,,,,T,T,5,,NO,NO,,
EDW_STAGE,PRODUCT_TYPE,STG_CREATED_AT,11,TIMESTAMP,"TIMESTAMP(10,6)",NO,CURRENT TIMESTAMP,10,10,6,,,,T,T,5,,NO,NO,,
EDW_STAGE,PRODUCT_TYPE,UPDATED_AT,9,TIMESTAMP,"TIMESTAMP(10,6)",YES,CURRENT TIMESTAMP,10,10,6,,,,T,T,5,,NO,NO,,
EDW_STAGE,PRODUCT_TYPE,STG_UPDATED_AT,13,TIMESTAMP,"TIMESTAMP(10,6)",YES,CURRENT TIMESTAMP,10,10,6,,,,T,T,5,,NO,NO,,
EDW_STAGE,PRODUCT_TYPE,PRODUCT_TYPE_CODE,2,VARCHAR,"VARCHAR(32,0)",NO,,32,32,0,,,,T,T,5,,NO,NO,,
EDW_STAGE,PRODUCT_TYPE,PRODUCT_TYPE_NAME,3,VARCHAR,"VARCHAR(64,0)",NO,,64,64,0,,,,T,T,5,,NO,NO,,
EDW_STAGE,PRODUCT_TYPE,CREATED_BY,6,VARCHAR,"VARCHAR(64,0)",NO,,64,64,0,,,,T,T,5,,NO,NO,,
EDW_STAGE,PRODUCT_TYPE,PRODUCT_DESCRIPTION,4,CLOB,"CLOB(1048576,0)",YES,,1048576,1048576,0,,,,T,T,5,,NO,NO,,
EDW_STAGE,PRODUCT_TYPE,CUSTOMER_ID,14,INTEGER,"INTEGER(4,0)",YES,,4,4,0,,,,T,T,5,,NO,NO,,
EDW_STAGE,PRODUCT_TYPE,FIRST_NAME,15,VARCHAR,"VARCHAR(50,0)",YES,,50,50,0,,,,T,T,5,,NO,NO,,
EDW_STAGE,PRODUCT_TYPE,LAST_NAME,16,VARCHAR,"VARCHAR(50,0)",YES,,50,50,0,,,,T,T,5,,NO,NO,,
EDW_STAGE,PRODUCT_TYPE,DATE_OF_BIRTH,17,VARCHAR,"VARCHAR(50,0)",YES,,50,50,0,,,,T,T,5,,NO,NO,,
EDW_STAGE,PRODUCT_TYPE,GENDER,18,VARCHAR,"VARCHAR(50,0)",YES,,50,50,0,,,,T,T,5,,NO,NO,,
EDW_STAGE,PRODUCT_TYPE,NATIONAL_ID,19,VARCHAR,"VARCHAR(50,0)",YES,,50,50,0,,,,T,T,5,,NO,NO,,
EDW_STAGE,PRODUCT_TYPE,CUSTOMER_SEGMENT,20,VARCHAR,"VARCHAR(50,0)",YES,,50,50,0,,,,T,T,5,,NO,NO,,
EDW_STAGE,PRODUCT_TYPE,RISK_RATING,21,VARCHAR,"VARCHAR(50,0)",YES,,50,50,0,,,,T,T,5,,NO,NO,,
EDW_STAGE,PRODUCT_TYPE,CUSTOMER_STATUS,22,VARCHAR,"VARCHAR(50,0)",YES,,50,50,0,,,,T,T,5,,NO,NO,,
EDW_STAGE,PRODUCT_TYPE,EMAIL_ADDRESS,23,VARCHAR,"VARCHAR(50,0)",YES,,50,50,0,,,,T,T,5,,NO,NO,,
EDW_STAGE,PRODUCT_TYPE,MOBILE_NUMBER,24,VARCHAR,"VARCHAR(50,0)",YES,,50,50,0,,,,T,T,5,,NO,NO,,
EDW_STAGE,PRODUCT_TYPE,REGISTRATION_DATE,25,VARCHAR,"VARCHAR(50,0)",YES,,50,50,0,,,,T,T,5,,NO,NO,,
EDW_STAGE,PRODUCT_TYPE,CUSTOMER_TIMEZONE_OFFSET,26,VARCHAR,"VARCHAR(50,0)",YES,,50,50,0,,,,T,T,5,,NO,NO,,
EDW_STAGE,PRODUCT_TYPE,UPDATED_BY,8,VARCHAR,"VARCHAR(64,0)",YES,,64,64,0,,,,T,T,5,,NO,NO,,
EDW_STAGE,PRODUCT_TYPE,PRODUCT_TYPE_ID,1,BIGINT,"BIGINT(8,0)",NO,,8,8,0,PRI,,,T,T,5,,YES,NO,,
EDW_STAGE,TRANSACTION,ACCOUNT_ID,4,BIGINT,"BIGINT(8,0)",NO,,8,8,0,,,,T,T,0,,NO,YES,ACCOUNT,ACCOUNT_ID
EDW_STAGE,TRANSACTION,CURRENCY_ID,8,BIGINT,"BIGINT(8,0)",NO,,8,8,0,,,,T,T,0,,NO,YES,CURRENCY,CURRENCY_ID
EDW_STAGE,TRANSACTION,CUSTOMER_ID,3,BIGINT,"BIGINT(8,0)",NO,,8,8,0,,,,T,T,0,,NO,YES,CUSTOMER,CUSTOMER_ID
EDW_STAGE,TRANSACTION,TRANSACTION_CHANNEL_ID,11,BIGINT,"BIGINT(8,0)",NO,,8,8,0,,,,T,T,0,,NO,YES,TRANSACTION_CHANNEL,TRANSACTION_CHANNEL_ID
EDW_STAGE,TRANSACTION,TRANSACTION_STATUS_ID,6,BIGINT,"BIGINT(8,0)",NO,,8,8,0,,,,T,T,0,,NO,YES,TRANSACTION_STATUS,TRANSACTION_STATUS_ID
EDW_STAGE,TRANSACTION,TRANSACTION_TYPE_ID,5,BIGINT,"BIGINT(8,0)",NO,,8,8,0,,,,T,T,0,,NO,YES,TRANSACTION_TYPE,TRANSACTION_TYPE_ID
EDW_STAGE,TRANSACTION,STG_CREATED_BY,17,VARCHAR,"VARCHAR(64,0)",NO,'Data Import',64,64,0,,,,T,T,0,,NO,NO,,
EDW_STAGE,TRANSACTION,STG_UPDATED_BY,19,VARCHAR,"VARCHAR(64,0)",YES,'Data Import',64,64,0,,,,T,T,0,,NO,NO,,
EDW_STAGE,TRANSACTION,CREATED_AT,14,TIMESTAMP,"TIMESTAMP(10,6)",NO,CURRENT TIMESTAMP,10,10,6,,,,T,T,0,,NO,NO,,
EDW_STAGE,TRANSACTION,STG_CREATED_AT,18,TIMESTAMP,"TIMESTAMP(10,6)",NO,CURRENT TIMESTAMP,10,10,6,,,,T,T,0,,NO,NO,,
EDW_STAGE,TRANSACTION,UPDATED_AT,16,TIMESTAMP,"TIMESTAMP(10,6)",YES,CURRENT TIMESTAMP,10,10,6,,,,T,T,0,,NO,NO,,
EDW_STAGE,TRANSACTION,STG_UPDATED_AT,20,TIMESTAMP,"TIMESTAMP(10,6)",YES,CURRENT TIMESTAMP,10,10,6,,,,T,T,0,,NO,NO,,
EDW_STAGE,TRANSACTION,TRANSACTION_AMOUNT,7,DECIMAL,"DECIMAL(18,2)",NO,,18,18,2,,,,T,T,0,,NO,NO,,
EDW_STAGE,TRANSACTION,TRANSACTION_DATE,9,TIMESTAMP,"TIMESTAMP(10,6)",NO,,10,10,6,,,,T,T,0,,NO,NO,,
EDW_STAGE,TRANSACTION,TRANSACTION_REFERENCE,2,VARCHAR,"VARCHAR(64,0)",NO,,64,64,0,,,,T,T,0,,NO,NO,,
EDW_STAGE,TRANSACTION,CREATED_BY,13,VARCHAR,"VARCHAR(64,0)",NO,,64,64,0,,,,T,T,0,,NO,NO,,
EDW_STAGE,TRANSACTION,VALUE_DATE,10,DATE,"DATE(4,0)",YES,,4,4,0,,,,T,T,0,,NO,NO,,
EDW_STAGE,TRANSACTION,REMARKS,12,VARCHAR,"VARCHAR(256,0)",YES,,256,256,0,,,,T,T,0,,NO,NO,,
EDW_STAGE,TRANSACTION,UPDATED_BY,15,VARCHAR,"VARCHAR(64,0)",YES,,64,64,0,,,,T,T,0,,NO,NO,,
EDW_STAGE,TRANSACTION,TRANSACTION_ID,1,BIGINT,"BIGINT(8,0)",NO,,8,8,0,PRI,,,T,T,0,,YES,NO,,
EDW_STAGE,TRANSACTION_CHANNEL,STG_CREATED_BY,9,VARCHAR,"VARCHAR(64,0)",NO,'Data Import',64,64,0,,,,T,T,4,,NO,NO,,
EDW_STAGE,TRANSACTION_CHANNEL,STG_UPDATED_BY,11,VARCHAR,"VARCHAR(64,0)",YES,'Data Import',64,64,0,,,,T,T,4,,NO,NO,,
EDW_STAGE,TRANSACTION_CHANNEL,CREATED_AT,6,TIMESTAMP,"TIMESTAMP(10,6)",NO,CURRENT TIMESTAMP,10,10,6,,,,T,T,4,,NO,NO,,
EDW_STAGE,TRANSACTION_CHANNEL,STG_CREATED_AT,10,TIMESTAMP,"TIMESTAMP(10,6)",NO,CURRENT TIMESTAMP,10,10,6,,,,T,T,4,,NO,NO,,
EDW_STAGE,TRANSACTION_CHANNEL,UPDATED_AT,8,TIMESTAMP,"TIMESTAMP(10,6)",YES,CURRENT TIMESTAMP,10,10,6,,,,T,T,4,,NO,NO,,
EDW_STAGE,TRANSACTION_CHANNEL,STG_UPDATED_AT,12,TIMESTAMP,"TIMESTAMP(10,6)",YES,CURRENT TIMESTAMP,10,10,6,,,,T,T,4,,NO,NO,,
EDW_STAGE,TRANSACTION_CHANNEL,TRANSACTION_CHANNEL_CODE,2,VARCHAR,"VARCHAR(32,0)",NO,,32,32,0,,,,T,T,4,,NO,NO,,
EDW_STAGE,TRANSACTION_CHANNEL,TRANSACTION_CHANNEL_NAME,3,VARCHAR,"VARCHAR(64,0)",NO,,64,64,0,,,,T,T,4,,NO,NO,,
EDW_STAGE,TRANSACTION_CHANNEL,CREATED_BY,5,VARCHAR,"VARCHAR(64,0)",NO,,64,64,0,,,,T,T,4,,NO,NO,,
EDW_STAGE,TRANSACTION_CHANNEL,TRANSACTION_CHANNEL_DESCRIPTION,4,VARCHAR,"VARCHAR(255,0)",YES,,255,255,0,,,,T,T,4,,NO,NO,,
EDW_STAGE,TRANSACTION_CHANNEL,UPDATED_BY,7,VARCHAR,"VARCHAR(64,0)",YES,,64,64,0,,,,T,T,4,,NO,NO,,
EDW_STAGE,TRANSACTION_CHANNEL,TRANSACTION_CHANNEL_ID,1,BIGINT,"BIGINT(8,0)",NO,,8,8,0,PRI,,,T,T,4,,YES,NO,,
EDW_STAGE,TRANSACTION_LINE,ACCOUNT_ID,4,BIGINT,"BIGINT(8,0)",NO,,8,8,0,,,,T,T,0,,NO,YES,ACCOUNT,ACCOUNT_ID
EDW_STAGE,TRANSACTION_LINE,CURRENCY_ID,6,BIGINT,"BIGINT(8,0)",NO,,8,8,0,,,,T,T,0,,NO,YES,CURRENCY,CURRENCY_ID
EDW_STAGE,TRANSACTION_LINE,TRANSACTION_ID,2,BIGINT,"BIGINT(8,0)",NO,,8,8,0,,,,T,T,0,,NO,YES,TRANSACTION,TRANSACTION_ID
EDW_STAGE,TRANSACTION_LINE,STG_CREATED_BY,13,VARCHAR,"VARCHAR(64,0)",NO,'Data Import',64,64,0,,,,T,T,0,,NO,NO,,
EDW_STAGE,TRANSACTION_LINE,STG_UPDATED_BY,15,VARCHAR,"VARCHAR(64,0)",YES,'Data Import',64,64,0,,,,T,T,0,,NO,NO,,
EDW_STAGE,TRANSACTION_LINE,CREATED_AT,10,TIMESTAMP,"TIMESTAMP(10,6)",NO,CURRENT TIMESTAMP,10,10,6,,,,T,T,0,,NO,NO,,
EDW_STAGE,TRANSACTION_LINE,STG_CREATED_AT,14,TIMESTAMP,"TIMESTAMP(10,6)",NO,CURRENT TIMESTAMP,10,10,6,,,,T,T,0,,NO,NO,,
EDW_STAGE,TRANSACTION_LINE,UPDATED_AT,12,TIMESTAMP,"TIMESTAMP(10,6)",YES,CURRENT TIMESTAMP,10,10,6,,,,T,T,0,,NO,NO,,
EDW_STAGE,TRANSACTION_LINE,STG_UPDATED_AT,16,TIMESTAMP,"TIMESTAMP(10,6)",YES,CURRENT TIMESTAMP,10,10,6,,,,T,T,0,,NO,NO,,
EDW_STAGE,TRANSACTION_LINE,LINE_AMOUNT,5,DECIMAL,"DECIMAL(18,2)",NO,,18,18,2,,,,T,T,0,,NO,NO,,
EDW_STAGE,TRANSACTION_LINE,LINE_NUMBER,3,INTEGER,"INTEGER(4,0)",NO,,4,4,0,,,,T,T,0,,NO,NO,,
EDW_STAGE,TRANSACTION_LINE,IS_DEBIT,7,SMALLINT,"SMALLINT(2,0)",NO,,2,2,0,,,,T,T,0,,NO,NO,,
EDW_STAGE,TRANSACTION_LINE,CREATED_BY,9,VARCHAR,"VARCHAR(64,0)",NO,,64,64,0,,,,T,T,0,,NO,NO,,
EDW_STAGE,TRANSACTION_LINE,REMARKS,8,VARCHAR,"VARCHAR(256,0)",YES,,256,256,0,,,,T,T,0,,NO,NO,,
EDW_STAGE,TRANSACTION_LINE,UPDATED_BY,11,VARCHAR,"VARCHAR(64,0)",YES,,64,64,0,,,,T,T,0,,NO,NO,,
EDW_STAGE,TRANSACTION_LINE,TRANSACTION_LINE_ID,1,BIGINT,"BIGINT(8,0)",NO,,8,8,0,PRI,,,T,T,0,,YES,NO,,
EDW_STAGE,TRANSACTION_STATUS,STG_CREATED_BY,9,VARCHAR,"VARCHAR(64,0)",NO,'Data Import',64,64,0,,,,T,T,3,,NO,NO,,
EDW_STAGE,TRANSACTION_STATUS,STG_UPDATED_BY,11,VARCHAR,"VARCHAR(64,0)",YES,'Data Import',64,64,0,,,,T,T,3,,NO,NO,,
EDW_STAGE,TRANSACTION_STATUS,CREATED_AT,6,TIMESTAMP,"TIMESTAMP(10,6)",NO,CURRENT TIMESTAMP,10,10,6,,,,T,T,3,,NO,NO,,
EDW_STAGE,TRANSACTION_STATUS,STG_CREATED_AT,10,TIMESTAMP,"TIMESTAMP(10,6)",NO,CURRENT TIMESTAMP,10,10,6,,,,T,T,3,,NO,NO,,
EDW_STAGE,TRANSACTION_STATUS,UPDATED_AT,8,TIMESTAMP,"TIMESTAMP(10,6)",YES,CURRENT TIMESTAMP,10,10,6,,,,T,T,3,,NO,NO,,
EDW_STAGE,TRANSACTION_STATUS,STG_UPDATED_AT,12,TIMESTAMP,"TIMESTAMP(10,6)",YES,CURRENT TIMESTAMP,10,10,6,,,,T,T,3,,NO,NO,,
EDW_STAGE,TRANSACTION_STATUS,TRANSACTION_STATUS_NAME,3,VARCHAR,"VARCHAR(128,0)",NO,,128,128,0,,,,T,T,3,,NO,NO,,
EDW_STAGE,TRANSACTION_STATUS,TRANSACTION_STATUS_CODE,2,VARCHAR,"VARCHAR(32,0)",NO,,32,32,0,,,,T,T,3,,NO,NO,,
EDW_STAGE,TRANSACTION_STATUS,CREATED_BY,5,VARCHAR,"VARCHAR(64,0)",NO,,64,64,0,,,,T,T,3,,NO,NO,,
EDW_STAGE,TRANSACTION_STATUS,TRANSACTION_STATUS_DESCRIPTION,4,VARCHAR,"VARCHAR(255,0)",YES,,255,255,0,,,,T,T,3,,NO,NO,,
EDW_STAGE,TRANSACTION_STATUS,UPDATED_BY,7,VARCHAR,"VARCHAR(64,0)",YES,,64,64,0,,,,T,T,3,,NO,NO,,
EDW_STAGE,TRANSACTION_STATUS,TRANSACTION_STATUS_ID,1,BIGINT,"BIGINT(8,0)",NO,,8,8,0,PRI,,,T,T,3,,YES,NO,,
EDW_STAGE,TRANSACTION_TYPE,STG_CREATED_BY,11,VARCHAR,"VARCHAR(64,0)",NO,'Data Import',64,64,0,,,,T,T,5,,NO,NO,,
EDW_STAGE,TRANSACTION_TYPE,STG_UPDATED_BY,13,VARCHAR,"VARCHAR(64,0)",YES,'Data Import',64,64,0,,,,T,T,5,,NO,NO,,
EDW_STAGE,TRANSACTION_TYPE,CREATED_AT,8,TIMESTAMP,"TIMESTAMP(10,6)",NO,CURRENT TIMESTAMP,10,10,6,,,,T,T,5,,NO,NO,,
EDW_STAGE,TRANSACTION_TYPE,STG_CREATED_AT,12,TIMESTAMP,"TIMESTAMP(10,6)",NO,CURRENT TIMESTAMP,10,10,6,,,,T,T,5,,NO,NO,,
EDW_STAGE,TRANSACTION_TYPE,UPDATED_AT,10,TIMESTAMP,"TIMESTAMP(10,6)",YES,CURRENT TIMESTAMP,10,10,6,,,,T,T,5,,NO,NO,,
EDW_STAGE,TRANSACTION_TYPE,STG_UPDATED_AT,14,TIMESTAMP,"TIMESTAMP(10,6)",YES,CURRENT TIMESTAMP,10,10,6,,,,T,T,5,,NO,NO,,
EDW_STAGE,TRANSACTION_TYPE,IS_DEBIT,5,SMALLINT,"SMALLINT(2,0)",NO,,2,2,0,,,,T,T,5,,NO,NO,,
EDW_STAGE,TRANSACTION_TYPE,IS_CREDIT,6,SMALLINT,"SMALLINT(2,0)",NO,,2,2,0,,,,T,T,5,,NO,NO,,
EDW_STAGE,TRANSACTION_TYPE,TRANSACTION_TYPE_NAME,3,VARCHAR,"VARCHAR(128,0)",NO,,128,128,0,,,,T,T,5,,NO,NO,,
EDW_STAGE,TRANSACTION_TYPE,TRANSACTION_TYPE_CODE,2,VARCHAR,"VARCHAR(32,0)",NO,,32,32,0,,,,T,T,5,,NO,NO,,
EDW_STAGE,TRANSACTION_TYPE,CREATED_BY,7,VARCHAR,"VARCHAR(64,0)",NO,,64,64,0,,,,T,T,5,,NO,NO,,
EDW_STAGE,TRANSACTION_TYPE,TRANSACTION_TYPE_DESCRIPTION,4,VARCHAR,"VARCHAR(255,0)",YES,,255,255,0,,,,T,T,5,,NO,NO,,
EDW_STAGE,TRANSACTION_TYPE,UPDATED_BY,9,VARCHAR,"VARCHAR(64,0)",YES,,64,64,0,,,,T,T,5,,NO,NO,,
EDW_STAGE,TRANSACTION_TYPE,TRANSACTION_TYPE_ID,1,BIGINT,"BIGINT(8,0)",NO,,8,8,0,PRI,,,T,T,5,,YES,NO,,